text	link	year
Colchians	/wiki/Colchians	['1900', '1950']
Caucasian Iberians	/wiki/Caucasian_Iberians	['1900', '1950']
Svans	/wiki/Svans	['1900', '1950']
Zans	/wiki/Zans	['1900', '1950']
Chokha	/wiki/Chokha	['1900', '1950']
Saint George	/wiki/Saint_George	['1900', '1950']
Saint Nino	/wiki/Saint_Nino	['1900', '1950']
St George's Cross	/wiki/St_George%27s_Cross	['1900', '1950']
Grapevine cross	/wiki/Grapevine_cross	['1900', '1950']
Bolnisi cross	/wiki/Bolnisi_cross	['1900', '1950']
Borjgali	/wiki/Borjgali	['1900', '1950']
David the Builder	/wiki/David_the_Builder	['1073', '1125']
Zviad Gamsakhurdia	/wiki/Zviad_Gamsakhurdia	['1939', '1993']
Eduard Shevardnadze	/wiki/Eduard_Shevardnadze	['1927', '2014']
Mikheil Saakashvili	/wiki/Mikheil_Saakashvili	['2004', '2015']
Grigol Bakurianis-dze	/wiki/Grigol_Bakurianis-dze	['1900', '1950']
Giorgi Saakadze	/wiki/Giorgi_Saakadze	['1570', '1629']
Allahverdi Khan	/wiki/Allahverdi_Khan	['1900', '1950']
Imam-Quli Khan	/wiki/Imam-Quli_Khan	['1900', '1950']
Daud Khan Undiladze	/wiki/Daud_Khan_Undiladze	['1900', '1950']
Rustam Khan	/wiki/Rustam_Khan_(Sipahsalar)	['1900', '1950']
Yusef Khan-e Gorji	/wiki/Yusef_Khan-e_Gorji	['1900', '1950']
Pyotr Bagration	/wiki/Pyotr_Bagration	['1765', '1812']
Alexandre Bagrationi	/wiki/Alexandre_Bagrationi	['1770', '1844']
Roman Bagration	/wiki/Roman_Bagration	['1778', '1834']
Ivane Amilakhvari	/wiki/Ivane_Amilakhvari	['1829', '1905']
Alexander Imeretinsky	/wiki/Alexander_Imeretinsky	['1837', '1900']
Ivane Kazbegi	/wiki/Ivane_Kazbegi	['1860', '1943']
Kote Abkhazi	/wiki/Kote_Abkhazi	['1867', '1923']
Zakaria Bakradze	/wiki/Zakaria_Bakradze	['1870', '1938']
Giorgi Mazniashvili	/wiki/Giorgi_Mazniashvili	['1872', '1937']
Giorgi Kvinitadze	/wiki/Giorgi_Kvinitadze	['1874', '1970']
Joseph Stalin	/wiki/Joseph_Stalin	['1878', '1953']
Leo Kereselidze	/wiki/Leo_Kereselidze	['1878', '1942']
Alexandre Chkheidze	/wiki/Alexandre_Chkheidze	['1878', '1940']
Valiko Jugheli	/wiki/Valiko_Jugheli	['1887', '1924']
Kakutsa Cholokashvili	/wiki/Kakutsa_Cholokashvili	['1888', '1930']
Konstantin Mikeladze	/wiki/Konstantin_Mikeladze	['1895', '1935']
Grigor Mikeladze	/wiki/Grigor_Mikeladze	['1898', '1955']
Shalva Maglakelidze	/wiki/Shalva_Maglakelidze	['1893', '1976']
Valerian Tevzadze	/wiki/Valerian_Tevzadze	['1894', '1987']
Lavrentiy Beria	/wiki/Lavrentiy_Beria	['1899', '1953']
Konstantin Leselidze	/wiki/Konstantin_Leselidze	['1903', '1944']
Dimitri Amilakhvari	/wiki/Dimitri_Amilakhvari	['1906', '1942']
Vladimir Janjgava	/wiki/Vladimir_Janjgava	['1907', '1982']
Alexi Inauri	/wiki/Alexi_Inauri	['1908', '1993']
Vasilij Shalvovich Kvachantiradze	/wiki/Vasilij_Shalvovich_Kvachantiradze	['1907', '1950']
Yaroslav Iosseliani	/wiki/Yaroslav_Iosseliani	['1912', '1978']
Archil Gelovani	/wiki/Archil_Gelovani	['1915', '1978']
Jerzy Tumaniszwili	/wiki/Jerzy_Tumaniszwili	['1916', '2010']
Noe Adamia	/wiki/Noe_Adamia	['1914', '1942']
Meliton Kantaria	/wiki/Meliton_Kantaria	['1920', '1993']
Geno Adamia	/wiki/Geno_Adamia	['1936', '1993']
John Shalikashvili	/wiki/John_Shalikashvili	['1900', '1950']
Peter the Iberian	/wiki/Peter_the_Iberian	['411', '491']
Antim Iverianul	/wiki/Antim_Iverianul	['1650', '1716']
Grigol Peradze	/wiki/Grigol_Peradze	['1899', '1942']
Elie Melia	/wiki/Elie_Melia	['1915', '1988']
Ilia II	/wiki/Ilia_II	['1900', '1950']
Parsadan Gorgijanidze	/wiki/Parsadan_Gorgijanidze	['1900', '1950']
Ilia Abuladze	/wiki/Ilia_Abuladze	['1901', '1968']
Malkhaz Abdushelishvili	/wiki/Malkhaz_Abdushelishvili	['1926', '1998']
Giuli Alasania	/wiki/Giuli_Alasania	['1900', '1950']
Andria Apakidze	/wiki/Andria_Apakidze	['1914', '2005']
Zurab Avalishvili	/wiki/Zurab_Avalishvili	['1876', '1944']
Teimuraz Bagrationi	/wiki/Teimuraz_Bagrationi	['1782', '1846']
Vakhushti Bagrationi	/wiki/Vakhushti_Bagrationi	['1696', '1757']
Dimitri Bakradze	/wiki/Dimitri_Bakradze	['1826', '1890']
Ivan Beritashvili	/wiki/Ivan_Beritashvili	['1884', '1974']
Arnold Chikobava	/wiki/Arnold_Chikobava	['1898', '1985']
Levan Chilashvili	/wiki/Levan_Chilashvili	['1930', '2004']
Juansher Chkareuli	/wiki/Juansher_Chkareuli	['1900', '1950']
Giorgi Chubinashvili	/wiki/Giorgi_Chubinashvili	['1885', '1973']
Gia Dvali	/wiki/Gia_Dvali	['1900', '1950']
Solomon Dodashvili	/wiki/Solomon_Dodashvili	['1805', '1836']
Revaz Dogonadze	/wiki/Revaz_Dogonadze	['1931', '1985']
Revaz Gabashvili	/wiki/Revaz_Gabashvili	['1878', '1959']
Tamaz V. Gamkrelidze	/wiki/Tamaz_V._Gamkrelidze	['1900', '1950']
Vladimir Gigauri	/wiki/Vladimir_Gigauri	['1934', '2006']
Olga Guramishvili-Nikoladze	/wiki/Olga_Guramishvili-Nikoladze	['1855', '1940']
Guranda Gvaladze	/wiki/Guranda_Gvaladze	['1900', '1950']
Pavle Ingorokva	/wiki/Pavle_Ingorokva	['1893', '1990']
Nikoloz Janashia	/wiki/Nikoloz_Janashia	['1931', '1982']
Simon Janashia	/wiki/Simon_Janashia	['1900', '1947']
Ivane Javakhishvili	/wiki/Ivane_Javakhishvili	['1876', '1940']
Joseph Jordania	/wiki/Joseph_Jordania	['1900', '1950']
Sargis Kakabadze	/wiki/Sargis_Kakabadze	['1886', '1967']
Alexander Kartveli	/wiki/Alexander_Kartveli	['1896', '1974']
Giorgi Kartvelishvili	/wiki/Giorgi_Kartvelishvili	['1827', '1901']
Simon Kaukhchishvili	/wiki/Simon_Kaukhchishvili	['1895', '1981']
David Lordkipanidze	/wiki/David_Lordkipanidze	['1900', '1950']
Givi Maisuradze	/wiki/Givi_Maisuradze	['1900', '1950']
Merab Mamardashvili	/wiki/Merab_Mamardashvili	['1930', '1990']
Guram Mchedlidze	/wiki/Guram_Mchedlidze	['1900', '1950']
Giorgi Melikishvili	/wiki/Giorgi_Melikishvili	['1918', '2002']
Roin Metreveli	/wiki/Roin_Metreveli	['1900', '1950']
Nikoloz Muskhelishvili	/wiki/Nikoloz_Muskhelishvili	['1890', '1978']
Alexander Nadiradze	/wiki/Alexander_Nadiradze	['1914', '1987']
Shalva Nutsubidze	/wiki/Shalva_Nutsubidze	['1888', '1969']
Vladimer Papava	/wiki/Vladimer_Papava	['1900', '1950']
Mikhail Sabinin	/wiki/Mikhail_Sabinin	['1845', '1900']
Akaki Shanidze	/wiki/Akaki_Shanidze	['1887', '1987']
Ekvtime Takaishvili	/wiki/Ekvtime_Takaishvili	['1863', '1953']
Giorgi Tsereteli	/wiki/Giorgi_Tsereteli	['1904', '1973']
Grigol Tsereteli	/wiki/Grigol_Tsereteli	['1870', '1938']
Mikheil Tsereteli	/wiki/Mikheil_Tsereteli	['1878', '1965']
Vasil Tsereteli	/wiki/Vasil_Tsereteli	['1862', '1937']
Dimitri Uznadze	/wiki/Dimitri_Uznadze	['1886', '1950']
Ilia Vekua	/wiki/Ilia_Vekua	['1907', '1977']
Leila Abashidze	/wiki/Leila_Abashidze	['1900', '1950']
Veriko Anjaparidze	/wiki/Veriko_Anjaparidze	['1900', '1950']
Medea Chakhava	/wiki/Medea_Chakhava	['1900', '1950']
Sofiko Chiaureli	/wiki/Sofiko_Chiaureli	['1900', '1950']
Ramaz Chkhikvadze	/wiki/Ramaz_Chkhikvadze	['1900', '1950']
Mariam Garikhuli	/wiki/Mariam_Garikhuli	['1883', '1960']
Kakhi Kavsadze	/wiki/Kakhi_Kavsadze	['1900', '1950']
Vakhtang Kikabidze	/wiki/Vakhtang_Kikabidze	['1900', '1950']
Zurab Kipshidze	/wiki/Zurab_Kipshidze	['1900', '1950']
Otar Koberidze	/wiki/Otar_Koberidze	['1900', '1950']
Avtandil Makharadze	/wiki/Avtandil_Makharadze	['1900', '1950']
Kote Makharadze	/wiki/Kote_Makharadze	['1900', '1950']
Merab Ninidze	/wiki/Merab_Ninidze	['1900', '1950']
Guram Sagaradze	/wiki/Guram_Sagaradze_(actor)	['1900', '1950']
Karlo Sakandelidze	/wiki/Karlo_Sakandelidze	['1900', '1950']
Nato Vachnadze	/wiki/Nato_Vachnadze	['1900', '1950']
Bukhuti Zakariadze	/wiki/Bukhuti_Zakariadze	['1900', '1950']
Sergo Zakariadze	/wiki/Sergo_Zakariadze	['1900', '1950']
Iago Dekanozishvili	/wiki/Iago_Dekanozishvili	['1900', '1950']
Nino Ananiashvili	/wiki/Nino_Ananiashvili	['1900', '1950']
George Balanchine	/wiki/George_Balanchine	['1904', '1983']
Vakhtang Chabukiani	/wiki/Vakhtang_Chabukiani	['1900', '1950']
Irma Nioradze	/wiki/Irma_Nioradze	['1900', '1950']
Nikolai Tsiskaridze	/wiki/Nikolai_Tsiskaridze	['1900', '1950']
Dimitri Arakishvili	/wiki/Dimitri_Arakishvili	['1900', '1950']
Andria Balanchivadze	/wiki/Andria_Balanchivadze	['1900', '1950']
Meliton Balanchivadze	/wiki/Meliton_Balanchivadze	['1900', '1950']
Alexandre Basilaia	/wiki/Alexandre_Basilaia	['1900', '1950']
Alexander Borodin	/wiki/Alexander_Borodin	['1834', '1887']
Otar Gordeli	/wiki/Otar_Gordeli	['1900', '1950']
Vakhtang Kakhidze	/wiki/Vakhtang_Kakhidze	['1900', '1950']
Giya Kancheli	/wiki/Giya_Kancheli	['1935', '2019']
Bidzina Kvernadze	/wiki/Bidzina_Kvernadze	['1900', '1950']
Zurab Nadarejshvili	/wiki/Zurab_Nadarejshvili	['1900', '1950']
Zakaria Paliashvili	/wiki/Zakaria_Paliashvili	['1900', '1950']
Otar Taktakishvili	/wiki/Otar_Taktakishvili	['1900', '1950']
Sulkhan Tsintsadze	/wiki/Sulkhan_Tsintsadze	['1900', '1950']
Jemal Gokieli	/wiki/Jemal_Gokieli	['1900', '1950']
Vakhtang Jordania	/wiki/Vakhtang_Jordania	['1900', '1950']
Jansug Kakhidze	/wiki/Jansug_Kakhidze	['1900', '1950']
Vakhtang Kakhidze	/wiki/Vakhtang_Kakhidze	['1900', '1950']
Evgeni Mikeladze	/wiki/Evgeni_Mikeladze	['1900', '1950']
Ensemble Erisioni	/wiki/Ensemble_Erisioni	['1900', '1950']
Ensemble Georgika	/wiki/Ensemble_Georgika	['1900', '1950']
Ensemble Rustavi	/wiki/Ensemble_Rustavi	['1900', '1950']
Hamlet Gonashvili	/wiki/Hamlet_Gonashvili	['1900', '1950']
Sukhishvili National Ballet	/wiki/Sukhishvili_National_Ballet	['1900', '1950']
Dodo Abashidze	/wiki/Dodo_Abashidze	['1900', '1950']
Tengiz Abuladze	/wiki/Tengiz_Abuladze	['1900', '1950']
Temur Babluani	/wiki/Temur_Babluani	['1900', '1950']
Mikheil Chiaureli	/wiki/Mikheil_Chiaureli	['1900', '1950']
Goderdzi Chokheli	/wiki/Goderdzi_Chokheli	['1900', '1950']
Georgi Daneliya	/wiki/Georgi_Daneliya	['1900', '1950']
Sergi Gvarjaladze	/wiki/Sergi_Gvarjaladze	['1900', '1950']
Otar Ioseliani	/wiki/Otar_Ioseliani	['1900', '1950']
Mikhail Kalatozov	/wiki/Mikhail_Kalatozov	['1900', '1950']
Marlen Khutsiev	/wiki/Marlen_Khutsiev	['1900', '1950']
Giorgi Shengelaia	/wiki/Giorgi_Shengelaia	['1900', '1950']
Eldar Shengelaia	/wiki/Eldar_Shengelaia	['1900', '1950']
Dito Tsintsadze	/wiki/Dito_Tsintsadze	['1900', '1950']
Paata Burchuladze	/wiki/Paata_Burchuladze	['1900', '1950']
Lamara Chkonia	/wiki/Lamara_Chkonia	['1900', '1950']
Giorgi Danelia	/wiki/Giorgi_Danelia	['1900', '1950']
Tamar Iveri	/wiki/Tamar_Iveri	['1900', '1950']
Makvala Kasrashvili	/wiki/Makvala_Kasrashvili	['1900', '1950']
Nino Machaidze	/wiki/Nino_Machaidze	['1900', '1950']
Badri Maisuradze	/wiki/Badri_Maisuradze	['1900', '1950']
Natela Nicoli	/wiki/Natela_Nicoli	['1900', '1950']
Anita Rachvelishvili	/wiki/Anita_Rachvelishvili	['1900', '1950']
Zurab Sotkilava	/wiki/Zurab_Sotkilava	['1900', '1950']
Nino Surguladze	/wiki/Nino_Surguladze	['1900', '1950']
Merab Abramishvili	/wiki/Merab_Abramishvili	['1900', '1950']
Elene Akhvlediani	/wiki/Elene_Akhvlediani	['1900', '1950']
David Alexidze	/wiki/David_Alexidze	['1900', '1950']
Gia Bugadze	/wiki/Gia_Bugadze	['1900', '1950']
Gigo Gabashvili	/wiki/Gigo_Gabashvili	['1900', '1950']
Lado Gudiashvili	/wiki/Lado_Gudiashvili	['1900', '1950']
Gia Gugushvili	/wiki/Gia_Gugushvili	['1900', '1950']
Aliquli Jabbadar	/wiki/Aliquli_Jabbadar	['1900', '1950']
Mamuka Japharidze	/wiki/Mamuka_Japharidze	['1900', '1950']
David Kakabadze	/wiki/David_Kakabadze	['1900', '1950']
Shalva Kikodze	/wiki/Shalva_Kikodze	['1900', '1950']
Sergo Kobuladze	/wiki/Sergo_Kobuladze	['1900', '1950']
Levan Mindiashvili	/wiki/Levan_Mindiashvili	['1900', '1950']
Petre Otskheli	/wiki/Petre_Otskheli	['1900', '1950']
Irakli Parjiani	/wiki/Irakli_Parjiani	['1900', '1950']
Rusudan Petviashvili	/wiki/Rusudan_Petviashvili	['1900', '1950']
Niko Pirosmanashvili	/wiki/Niko_Pirosmanashvili	['1900', '1950']
Oleg Timchenko	/wiki/Oleg_Timchenko	['1900', '1950']
Radish Tordia	/wiki/Radish_Tordia	['1900', '1950']
Avto Varazi	/wiki/Avto_Varazi	['1900', '1950']
Tengiz Amirejibi	/wiki/Tengiz_Amirejibi	['1900', '1950']
Eteri Andjaparidze	/wiki/Eteri_Andjaparidze	['1900', '1950']
Khatia Buniatishvili	/wiki/Khatia_Buniatishvili	['1900', '1950']
Marina Goglidze-Mdivani	/wiki/Marina_Goglidze-Mdivani	['1900', '1950']
Inga Kashakashvili	/wiki/Inga_Kashakashvili	['1900', '1950']
Alexander Korsantia	/wiki/Alexander_Korsantia	['1900', '1950']
Giorgi Latso	/wiki/Giorgi_Latso	['1900', '1950']
Tamriko Siprashvili	/wiki/Tamriko_Siprashvili	['1900', '1950']
Irma Svanadze	/wiki/Irma_Svanadze	['1900', '1950']
Alexander Toradze	/wiki/Alexander_Toradze	['1900', '1950']
Eliso Virsaladze	/wiki/Eliso_Virsaladze	['1900', '1950']
Alexander Abasheli	/wiki/Alexander_Abasheli	['1900', '1950']
Irakli Abashidze	/wiki/Irakli_Abashidze	['1900', '1950']
Rati Amaglobeli	/wiki/Rati_Amaglobeli	['1900', '1950']
Lado Asatiani	/wiki/Lado_Asatiani	['1900', '1950']
Nikoloz Baratashvili	/wiki/Nikoloz_Baratashvili	['1900', '1950']
Besiki	/wiki/Besiki	['1900', '1950']
Alexander Chavchavadze	/wiki/Alexander_Chavchavadze	['1900', '1950']
Ilia Chavchavadze	/wiki/Ilia_Chavchavadze	['1900', '1950']
Zviad Gamsakhurdia	/wiki/Zviad_Gamsakhurdia	['1900', '1950']
Valerian Gaprindashvili	/wiki/Valerian_Gaprindashvili	['1900', '1950']
David-Dephy Gogibedashvili	/wiki/David-Dephy_Gogibedashvili	['1900', '1950']
Terenti Graneli	/wiki/Terenti_Graneli	['1900', '1950']
Ioseb Grishashvili	/wiki/Ioseb_Grishashvili	['1900', '1950']
David Guramishvili	/wiki/David_Guramishvili	['1900', '1950']
Yetim Gurdji	/wiki/Yetim_Gurdji	['1900', '1950']
Paolo Iashvili	/wiki/Paolo_Iashvili	['1900', '1950']
Irakli Kakabadze	/wiki/Irakli_Kakabadze	['1900', '1950']
Ana Kalandadze	/wiki/Ana_Kalandadze	['1900', '1950']
Giorgi Leonidze	/wiki/Giorgi_Leonidze	['1900', '1950']
Mukhran Machavariani	/wiki/Mukhran_Machavariani	['1900', '1950']
David Magradze	/wiki/David_Magradze	['1900', '1950']
Kolau Nadiradze	/wiki/Kolau_Nadiradze	['1900', '1950']
Niko Nikoladze	/wiki/Niko_Nikoladze	['1900', '1950']
Vazha-Pshavela	/wiki/Vazha-Pshavela	['1900', '1950']
Shota Rustaveli	/wiki/Shota_Rustaveli	['1900', '1950']
Galaktion Tabidze	/wiki/Galaktion_Tabidze	['1900', '1950']
Titsian Tabidze	/wiki/Titsian_Tabidze	['1900', '1950']
Akaki Tsereteli	/wiki/Akaki_Tsereteli	['1900', '1950']
Iakob Nikoladze	/wiki/Iakob_Nikoladze	['1900', '1950']
Irakli Ochiauri	/wiki/Irakli_Ochiauri	['1900', '1950']
George Papashvily	/wiki/George_Papashvily	['1900', '1950']
Zurab Tsereteli	/wiki/Zurab_Tsereteli	['1900', '1950']
Nino Katamadze	/wiki/Nino_Katamadze	['1900', '1950']
Kote Marjanishvili	/wiki/Kote_Marjanishvili	['1900', '1950']
Robert Sturua	/wiki/Robert_Sturua	['1900', '1950']
Paata Tsikurishvili	/wiki/Paata_Tsikurishvili	['1900', '1950']
Kita Abashidze	/wiki/Kita_Abashidze	['1900', '1950']
Boris Akunin	/wiki/Boris_Akunin	['1900', '1950']
Chabua Amirejibi	/wiki/Chabua_Amirejibi	['1900', '1950']
Lado Asatiani	/wiki/Lado_Asatiani	['1917', '1942']
Vasil Barnovi	/wiki/Vasil_Barnovi	['1900', '1950']
Mirza Kalich Beg	/wiki/Mirza_Kalich_Beg	['1900', '1950']
Saint Ilia the Righteous	/wiki/Saint_Ilia_the_Righteous	['1837', '1907']
Otar Chiladze	/wiki/Otar_Chiladze	['1900', '1950']
Tamaz Chiladze	/wiki/Tamaz_Chiladze	['1900', '1950']
Daniel Chonkadze	/wiki/Daniel_Chonkadze	['1900', '1950']
Nino Dadeshkeliani	/wiki/Nino_Dadeshkeliani	['1890', '1931']
Shalva Dadiani	/wiki/Shalva_Dadiani	['1900', '1950']
Guram Dochanashvili	/wiki/Guram_Dochanashvili	['1900', '1950']
Konstantine Gamsakhurdia	/wiki/Konstantine_Gamsakhurdia	['1900', '1950']
Iakob Gogebashvili	/wiki/Iakob_Gogebashvili	['1900', '1950']
Levan Gotua	/wiki/Levan_Gotua	['1900', '1950']
Mikheil Javakhishvili	/wiki/Mikheil_Javakhishvili	['1900', '1950']
Aleksandre Kazbegi	/wiki/Aleksandre_Kazbegi	['1900', '1950']
Babilina Khositashvili	/wiki/Babilina_Khositashvili	['1884', '1973']
Leo Kiacheli	/wiki/Leo_Kiacheli	['1900', '1950']
David Kldiashvili	/wiki/David_Kldiashvili	['1900', '1950']
Mukhran Machavariani	/wiki/Mukhran_Machavariani	['1900', '1950']
Ekaterine Melikishvili	/wiki/Ekaterine_Melikishvili	['1854', '1928']
Kato Mikeladze	/wiki/Kato_Mikeladze	['1878', '1942']
Aka Morchiladze	/wiki/Aka_Morchiladze	['1900', '1950']
George Papashvily	/wiki/George_Papashvily	['1900', '1950']
Vazha-Pshavela	/wiki/Vazha-Pshavela	['1862', '1915']
Guram Rcheulishvili	/wiki/Guram_Rcheulishvili	['1900', '1950']
Grigol Robakidze	/wiki/Grigol_Robakidze	['1900', '1950']
Shota Rustaveli	/wiki/Shota_Rustaveli	['1900', '1950']
Galaktion Tabidze	/wiki/Galaktion_Tabidze	['1891', '1953']
David Turashvili	/wiki/David_Turashvili	['1900', '1950']
Shota Arveladze	/wiki/Shota_Arveladze	['1900', '1950']
Giorgi Asanidze	/wiki/Giorgi_Asanidze	['1900', '1950']
Zurab Azmaiparashvili	/wiki/Zurab_Azmaiparashvili	['1900', '1950']
Nikoloz Basilashvili	/wiki/Nikoloz_Basilashvili	['1900', '1950']
Maia Chiburdanidze	/wiki/Maia_Chiburdanidze	['1978', '1991']
Roman Dzindzichashvili	/wiki/Roman_Dzindzichashvili	['1900', '1950']
Kokkai Futoshi	/wiki/Kokkai_Futoshi	['1900', '1950']
Nona Gaprindashvili	/wiki/Nona_Gaprindashvili	['1962', '1978']
Kakhi Kakhiashvili	/wiki/Kakhi_Kakhiashvili	['1900', '1950']
Kakhaber Kaladze	/wiki/Kakhaber_Kaladze	['1900', '1950']
Temuri Ketsbaia	/wiki/Temuri_Ketsbaia	['1900', '1950']
Georgi Kinkladze	/wiki/Georgi_Kinkladze	['1900', '1950']
Gagamaru Masaru	/wiki/Gagamaru_Masaru	['1900', '1950']
Mevlud Meladze	/wiki/Mevlud_Meladze	['1900', '1950']
Natalia Nasaridze	/wiki/Natalia_Nasaridze	['1900', '1950']
Zaza Pachulia	/wiki/Zaza_Pachulia	['1900', '1950']
Roman Rurua	/wiki/Roman_Rurua	['1900', '1950']
Lasha Talakhadze	/wiki/Lasha_Talakhadze	['1900', '1950']
Gocha Tsitsiashvili	/wiki/Gocha_Tsitsiashvili	['1900', '1950']
Nikoloz Tskitishvili	/wiki/Nikoloz_Tskitishvili	['1900', '1950']
Tochinoshin Tsuyoshi	/wiki/Tochinoshin_Tsuyoshi	['1900', '1950']
Dimitri Yachvili	/wiki/Dimitri_Yachvili	['1900', '1950']
Valerian Zirakadze	/wiki/Valerian_Zirakadze	['1900', '1950']
Kakha Bendukidze	/wiki/Kakha_Bendukidze	['1956', '2014']
Levan Gachechiladze	/wiki/Levan_Gachechiladze	['1900', '1950']
David Gamkrelidze	/wiki/David_Gamkrelidze	['1900', '1950']
Boris Ivanishvili	/wiki/Boris_Ivanishvili	['1900', '1950']
Badri Patarkatsishvili	/wiki/Badri_Patarkatsishvili	['1956', '2008']
Razhden Arsenidze	/wiki/Razhden_Arsenidze	['1880', '1965']
Sopho Khalvashi	/wiki/Sopho_Khalvashi	['1900', '1950']
Nino Kipiani	/wiki/Nino_Kipiani	['1900', '1950']
Zviad Kvachantiradze	/wiki/Zviad_Kvachantiradze	['1900', '1950']
Mdivani	/wiki/Mdivani	['1900', '1950']
Antoin Sevruguin	/wiki/Antoin_Sevruguin	['1830', '1933']
Vasily Sopromadze	/wiki/Vasily_Sopromadze	['1900', '1950']
Sergei Parajanov	/wiki/Sergei_Parajanov	['1924', '1990']
Elene Akhvlediani	/wiki/Elene_Akhvlediani	['1901', '1975']
Demna Gvasalia	/wiki/Demna_Gvasalia	['1900', '1950']
Laz people	/wiki/Laz_people	['1900', '1950']
Mingrelians	/wiki/Mingrelians	['1900', '1950']
Svans	/wiki/Svans	['1900', '1950']
Abkhazians	/wiki/Abkhazians	['1900', '1950']
Qarapapaqs	/wiki/Qarapapaqs	['1900', '1950']
Bats people	/wiki/Bats_people	['1900', '1950']
Caucasus Germans	/wiki/Caucasus_Germans	['1900', '1950']
Pontic Greeks	/wiki/Pontic_Greeks	['1900', '1950']
Kist people	/wiki/Kist_people	['1900', '1950']
Ossetians	/wiki/Ossetians	['1900', '1950']
Template:Kartvelians	/wiki/Template:Kartvelians	['1900', '1950']
Template talk:Kartvelians	/wiki/Template_talk:Kartvelians	['1900', '1950']
Svans	/wiki/Svans	['1900', '1950']
Zan people	/wiki/Zan_people	['1900', '1950']
Mingrelians	/wiki/Mingrelians	['1900', '1950']
Laz people	/wiki/Laz_people	['1900', '1950']
Byzeres	/wiki/Byzeres	['1900', '1950']
Drilae	/wiki/Drilae	['1900', '1950']
Machelones	/wiki/Machelones	['1900', '1950']
Macrones	/wiki/Macrones	['1900', '1950']
Marres	/wiki/Marres	['1900', '1950']
Mossynoeci	/wiki/Mossynoeci	['1900', '1950']
Phasians	/wiki/Phasians	['1900', '1950']
Sanni	/wiki/Sanni	['1900', '1950']
Tibareni	/wiki/Tibareni	['1900', '1950']
Zydretae	/wiki/Zydretae	['1900', '1950']
Caucasian Iberians	/wiki/Caucasian_Iberians	['1900', '1950']
Gugars	/wiki/Gugars	['1900', '1950']
Saspers	/wiki/Saspers	['1900', '1950']
Taochi	/wiki/Taochi	['1900', '1950']
Kaskians	/wiki/Kaskians	['1900', '1950']
Misimians	/wiki/Misimians	['1900', '1950']
Andi people	/wiki/Andi_people	['1900', '1950']
Akhvakh people	/wiki/Akhvakh_people	['1900', '1950']
Bagvalal people	/wiki/Bagvalal_people	['1900', '1950']
Botlikh people	/wiki/Botlikh_people	['1900', '1950']
Chamalal people	/wiki/Chamalal_people	['1900', '1950']
Karata people	/wiki/Karata_people	['1900', '1950']
Avars	/wiki/Avars_(Caucasus)	['1900', '1950']
Bezhta people	/wiki/Bezhta_people	['1900', '1950']
Hinukh people	/wiki/Hinukh_people	['1900', '1950']
Hunzib people	/wiki/Hunzib_people	['1900', '1950']
Khwarshi people	/wiki/Khwarshi_people	['1900', '1950']
Tsez people	/wiki/Tsez_people	['1900', '1950']
Aghul people	/wiki/Aghul_people	['1900', '1950']
Archi people	/wiki/Archi_people	['1900', '1950']
Budukh people	/wiki/Budukh_people	['1900', '1950']
Jek people	/wiki/Jek_people	['1900', '1950']
Kryts people	/wiki/Kryts_people	['1900', '1950']
Lezgins	/wiki/Lezgins	['1900', '1950']
Rutul people	/wiki/Rutul_people	['1900', '1950']
Tabasaran people	/wiki/Tabasaran_people	['1900', '1950']
Tsakhurs	/wiki/Tsakhurs	['1900', '1950']
Udi people	/wiki/Udi_people	['1900', '1950']
Bats people	/wiki/Bats_people	['1900', '1950']
Chechens	/wiki/Chechens	['1900', '1950']
Kist people	/wiki/Kist_people	['1900', '1950']
Ingush people	/wiki/Ingush_people	['1900', '1950']
Dargins	/wiki/Dargins	['1900', '1950']
Khinalug people	/wiki/Khinalug_people	['1900', '1950']
Laks	/wiki/Laks_(Caucasus)	['1900', '1950']
Laz people	/wiki/Laz_people	['1900', '1950']
Abkhazians	/wiki/Abkhazians	['1900', '1950']
Circassians	/wiki/Circassians	['1900', '1950']
Armenians	/wiki/Armenians	['1900', '1950']
Caucasus Greeks	/wiki/Caucasus_Greeks	['1900', '1950']
Urums	/wiki/Urums	['1900', '1950']
Pontic Greeks	/wiki/Pontic_Greeks	['1900', '1950']
Ossetians	/wiki/Ossetians	['1900', '1950']
Digor people	/wiki/Digor_people	['1900', '1950']
Talysh people	/wiki/Talysh_people	['1900', '1950']
Tat people	/wiki/Tat_people_(Caucasus)	['1900', '1950']
Kurds	/wiki/Kurds	['1900', '1950']
Cossacks	/wiki/Cossacks	['1900', '1950']
Kuban Cossacks	/wiki/Kuban_Cossacks	['1900', '1950']
Terek Cossacks	/wiki/Terek_Cossacks	['1900', '1950']
Caucasus Russians	/wiki/Caucasus_Russians	['1900', '1950']
Mountain Jews	/wiki/Mountain_Jews	['1900', '1950']
Kalmyks	/wiki/Kalmyks	['1900', '1950']
Karachays	/wiki/Karachays	['1900', '1950']
Kumyks	/wiki/Kumyks	['1900', '1950']
Nogais	/wiki/Nogais	['1900', '1950']
Azerbaijani Turks	/wiki/Azerbaijani_Turks	['1900', '1950']
Meskhetian Turks	/wiki/Meskhetian_Turks	['1900', '1950']
Turkmens	/wiki/Turkmens	['1900', '1950']
Template:Georgia	/wiki/Template:Georgia_(country)_topics	['1900', '1950']
Template talk:Georgia	/wiki/Template_talk:Georgia_(country)_topics	['1900', '1950']
Prehistoric Georgia	/wiki/Prehistoric_Georgia	['1900', '1950']
Shulaveri-Shomu culture	/wiki/Shulaveri-Shomu_culture	['1900', '1950']
Kura–Araxes culture	/wiki/Kura%E2%80%93Araxes_culture	['1900', '1950']
Trialeti culture	/wiki/Trialeti_culture	['1900', '1950']
Colchian culture	/wiki/Colchian_culture	['1900', '1950']
Diauehi	/wiki/Diauehi	['1900', '1950']
Colchis	/wiki/Colchis	['1900', '1950']
Lazica	/wiki/Lazica	['1900', '1950']
Sasanian Iberia	/wiki/Sasanian_Iberia	['1900', '1950']
Bagrationi dynasty	/wiki/Bagrationi_dynasty	['1900', '1950']
Bagratid Iberia	/wiki/Bagratid_Iberia	['1900', '1950']
Samtskhe atabegate	/wiki/Samtskhe_atabegate	['1900', '1950']
Turkmen incursions into Georgia	/wiki/Turkmen_incursions_into_Georgia	['1900', '1950']
Safavid Georgia	/wiki/Safavid_Georgia	['1900', '1950']
Abbas I's Kakhetian and Kartlian campaigns	/wiki/Abbas_I%27s_Kakhetian_and_Kartlian_campaigns	['1900', '1950']
Georgia within the Russian Empire	/wiki/Georgia_within_the_Russian_Empire	['1900', '1950']
April 9 tragedy	/wiki/April_9_tragedy	['1900', '1950']
Rose Revolution	/wiki/Rose_Revolution	['1900', '1950']
Black Sea	/wiki/Black_Sea	['1900', '1950']
Greater Caucasus	/wiki/Greater_Caucasus	['1900', '1950']
Lesser Caucasus	/wiki/Lesser_Caucasus	['1900', '1950']
Tbilisi	/wiki/Tbilisi	['1900', '1950']
Mkhare	/wiki/Mkhare	['1900', '1950']
Chokha	/wiki/Chokha	['1900', '1950']
Laz language	/wiki/Laz_language	['1900', '1950']
Mingrelian language	/wiki/Mingrelian_language	['1900', '1950']
Svan language	/wiki/Svan_language	['1900', '1950']
Tavisupleba	/wiki/Tavisupleba	['1900', '1950']
Bolnisi cross	/wiki/Bolnisi_cross	['1900', '1950']
Borjgali	/wiki/Borjgali	['1900', '1950']
Dzala ertobashia	/wiki/Dzala_ertobashia	['1900', '1950']
Saint George	/wiki/Saint_George	['1900', '1950']
Saint George's Cross	/wiki/Saint_George%27s_Cross	['1900', '1950']
Saint Nino	/wiki/Saint_Nino	['1900', '1950']
Grapevine cross	/wiki/Grapevine_cross	['1900', '1950']
Book:Georgia	/wiki/Book:Georgia_(country)	['1900', '1950']
