text	link	year
Template:Igbo people	/wiki/Template:Igbo_people	['1900', '1950']
Template talk:Igbo people	/wiki/Template_talk:Igbo_people	['1900', '1950']
Debbie Collins	/wiki/Debbie_Collins	['1900', '1950']
Unoaku Anyadike	/wiki/Unoaku_Anyadike	['1900', '1950']
Iheoma Nnadi	/wiki/Iheoma_Nnadi	['1900', '1950']
Ezinne Akudo	/wiki/Ezinne_Akudo	['1900', '1950']
Sylvia Nduka	/wiki/Sylvia_Nduka	['1900', '1950']
Fiona Amuzie-Iredu	/wiki/Fiona_Amuzie-Iredu	['1900', '1950']
Glory Umunna	/wiki/Glory_Umunna	['1900', '1950']
Adaeze Igwe	/wiki/Adaeze_Igwe	['1900', '1950']
Munachi Nwankwo	/wiki/Munachi_Nwankwo	['1900', '1950']
Chinenye Ochuba	/wiki/Chinenye_Ochuba	['1900', '1950']
Sabina Umeh	/wiki/Sabina_Umeh	['1900', '1950']
Krystal Okeke	/wiki/Krystal_Okeke	['1900', '1950']
Bianca Odumegwu-Ojukwu	/wiki/Bianca_Odumegwu-Ojukwu	['1900', '1950']
Lynda Chuba-Ikpeazu	/wiki/Lynda_Chuba-Ikpeazu	['1900', '1950']
Ikenna Bryan Okwara	/wiki/Ikenna_Bryan_Okwara	['1900', '1950']
Ngo Okafor	/wiki/Ngo_Okafor	['1900', '1950']
Oluchi Onweagba	/wiki/Oluchi_Onweagba	['1900', '1950']
Collete Nwadike	/wiki/Collete_Nwadike	['1900', '1950']
DJ Coublon	/wiki/DJ_Coublon	['1900', '1950']
Masterkraft	/wiki/Masterkraft_(producer)	['1900', '1950']
Annie Ilonzeh	/wiki/Annie_Ilonzeh	['1900', '1950']
Antonia Okonma	/wiki/Antonia_Okonma	['1900', '1950']
Ashley Madekwe	/wiki/Ashley_Madekwe	['1900', '1950']
Carmen Ejogo	/wiki/Carmen_Ejogo	['1900', '1950']
Caroline Chikezie	/wiki/Caroline_Chikezie	['1900', '1950']
Charles Venn	/wiki/Charles_Venn	['1900', '1950']
Chike Nwoffiah	/wiki/Chike_Nwoffiah	['1900', '1950']
Chiké Okonkwo	/wiki/Chik%C3%A9_Okonkwo	['1900', '1950']
Chiwetel Ejiofor	/wiki/Chiwetel_Ejiofor	['1900', '1950']
Cyril Nri	/wiki/Cyril_Nri	['1900', '1950']
Enuka Okuma	/wiki/Enuka_Okuma	['1900', '1950']
Ifeanyi Chijindu	/wiki/Ifeanyi_Chijindu	['1900', '1950']
Megalyn Echikunwoke	/wiki/Megalyn_Echikunwoke	['1900', '1950']
Nonso Anozie	/wiki/Nonso_Anozie	['1900', '1950']
Phina Oruche	/wiki/Phina_Oruche	['1900', '1950']
Tracy Ifeachor	/wiki/Tracy_Ifeachor	['1900', '1950']
Uzo Aduba	/wiki/Uzo_Aduba	['1900', '1950']
Blair Underwood	/wiki/Blair_Underwood	['1900', '1950']
Danny Glover	/wiki/Danny_Glover	['1900', '1950']
Forest Whitaker	/wiki/Forest_Whitaker	['1900', '1950']
Paul Robeson	/wiki/Paul_Robeson	['1898', '1976']
Afro Candy	/wiki/Afro_Candy	['1900', '1950']
Amaechi Muonagor	/wiki/Amaechi_Muonagor	['1900', '1950']
Bob-Manuel Udokwu	/wiki/Bob-Manuel_Udokwu	['1900', '1950']
Chacha Eke	/wiki/Chacha_Eke	['1900', '1950']
Chidi Mokeme	/wiki/Chidi_Mokeme	['1900', '1950']
Chika Ike	/wiki/Chika_Ike	['1900', '1950']
Chinedu Ikedieze	/wiki/Chinedu_Ikedieze	['1900', '1950']
Chioma Chukwuka	/wiki/Chioma_Chukwuka	['1900', '1950']
Chioma Okoye	/wiki/Chioma_Okoye	['1900', '1950']
Chioma Toplis	/wiki/Chioma_Toplis	['1900', '1950']
Chizzy Alichi	/wiki/Chizzy_Alichi	['1900', '1950']
Clem Ohameze	/wiki/Clem_Ohameze	['1900', '1950']
Ebele Okaro	/wiki/Ebele_Okaro	['1900', '1950']
Ebube Nwagbo	/wiki/Ebube_Nwagbo	['1900', '1950']
Ejike Asiegbu	/wiki/Ejike_Asiegbu	['1900', '1950']
Emeka Ike	/wiki/Emeka_Ike	['1900', '1950']
Enyinna Nwigwe	/wiki/Enyinna_Nwigwe	['1900', '1950']
Francis Agu	/wiki/Francis_Agu	['1965', '2007']
Genevieve Nnaji	/wiki/Genevieve_Nnaji	['1900', '1950']
Hanks Anuku	/wiki/Hanks_Anuku	['1900', '1950']
Ijeoma Grace Agu	/wiki/Ijeoma_Grace_Agu	['1900', '1950']
Jim Iyke	/wiki/Jim_Iyke	['1900', '1950']
John Okafor	/wiki/John_Okafor	['1900', '1950']
Kanayo O. Kanayo	/wiki/Kanayo_O._Kanayo	['1900', '1950']
Ken Erics	/wiki/Ken_Erics	['1900', '1950']
Linda Ejiofor	/wiki/Linda_Ejiofor	['1900', '1950']
Lota Chukwu	/wiki/Lota_Chukwu	['1900', '1950']
Mercy Johnson	/wiki/Mercy_Johnson	['1900', '1950']
Michael Ezuruonye	/wiki/Michael_Ezuruonye	['1900', '1950']
Mike Godson	/wiki/Mike_Godson	['1900', '1950']
Monalisa Chinda	/wiki/Monalisa_Chinda	['1900', '1950']
Muna Obiekwe	/wiki/Muna_Obiekwe	['1900', '1950']
Ngozi Ezeonu	/wiki/Ngozi_Ezeonu	['1900', '1950']
Nuella Njubigbo	/wiki/Nuella_Njubigbo	['1900', '1950']
Nkem Owoh	/wiki/Nkem_Owoh	['1900', '1950']
Nonso Diobi	/wiki/Nonso_Diobi	['1900', '1950']
Oby Kechere	/wiki/Oby_Kechere	['1900', '1950']
OC Ukeje	/wiki/OC_Ukeje	['1900', '1950']
Oge Okoye	/wiki/Oge_Okoye	['1900', '1950']
Onyeka Onwenu	/wiki/Onyeka_Onwenu	['1900', '1950']
Osita Iheme	/wiki/Osita_Iheme	['1900', '1950']
Patience Ozokwor	/wiki/Patience_Ozokwor	['1900', '1950']
Pete Edochie	/wiki/Pete_Edochie	['1900', '1950']
Prince Eke	/wiki/Prince_Eke	['1900', '1950']
Queen Nwokoye	/wiki/Queen_Nwokoye	['1900', '1950']
Rachael Okonkwo	/wiki/Rachael_Okonkwo	['1900', '1950']
Regina Daniels	/wiki/Regina_Daniels	['1900', '1950']
Rita Dominic	/wiki/Rita_Dominic	['1900', '1950']
Saint Obi	/wiki/Saint_Obi	['1900', '1950']
Stella Damasus-Aboderin	/wiki/Stella_Damasus-Aboderin	['1900', '1950']
Stephanie Okereke	/wiki/Stephanie_Okereke	['1900', '1950']
Sylvia Oluchy	/wiki/Sylvia_Oluchy	['1900', '1950']
Tonto Dike	/wiki/Tonto_Dike	['1900', '1950']
Tony Umez	/wiki/Tony_Umez	['1900', '1950']
Uche Jombo	/wiki/Uche_Jombo	['1900', '1950']
Uru Eke	/wiki/Uru_Eke	['1900', '1950']
Yul Edochie	/wiki/Yul_Edochie	['1900', '1950']
Zack Orji	/wiki/Zack_Orji	['1900', '1950']
Basketmouth	/wiki/Basketmouth	['1900', '1950']
Buchi	/wiki/Buchi_(comedian)	['1900', '1950']
Chigul	/wiki/Chigul	['1900', '1950']
Frank D Don	/wiki/Frank_D_Don	['1900', '1950']
Godfrey	/wiki/Godfrey_(comedian)	['1900', '1950']
Adaora Onyechere	/wiki/Adaora_Onyechere	['1900', '1950']
Ebuka Obi-Uchendu	/wiki/Ebuka_Obi-Uchendu	['1900', '1950']
Joyce Ohajah	/wiki/Joyce_Ohajah	['1900', '1950']
Keme Nzerem	/wiki/Keme_Nzerem	['1900', '1950']
Murphy Ijemba	/wiki/Murphy_Ijemba	['1900', '1950']
Ogechukwukanma Ogwo	/wiki/Ogechukwukanma_Ogwo	['1900', '1950']
Tobechi Nneji	/wiki/Tobechi_Nneji	['1900', '1950']
Uti Nwachukwu	/wiki/Uti_Nwachukwu	['1900', '1950']
Zain Asher	/wiki/Zain_Asher	['1900', '1950']
Ada Udechukwu	/wiki/Ada_Udechukwu	['1900', '1950']
Ben Enwonwu	/wiki/Ben_Enwonwu	['1900', '1950']
Chike Aniakor	/wiki/Chike_Aniakor	['1900', '1950']
Chris Ofili	/wiki/Chris_Ofili	['1900', '1950']
Dawn Okoro	/wiki/Dawn_Okoro	['1900', '1950']
Demas Nwoko	/wiki/Demas_Nwoko	['1900', '1950']
George Edozie	/wiki/George_Edozie	['1900', '1950']
Ifeanyi Chijindu	/wiki/Ifeanyi_Chijindu	['1900', '1950']
Ken Nwadiogbu	/wiki/Ken_Nwadiogbu	['1900', '1950']
Mendi & Keith Obadike	/wiki/Mendi_%26_Keith_Obadike	['1900', '1950']
Ndidi Dike	/wiki/Ndidi_Dike	['1900', '1950']
Nnenna Okore	/wiki/Nnenna_Okore	['1900', '1950']
Obiora Udechukwu	/wiki/Obiora_Udechukwu	['1900', '1950']
Tony Nsofor	/wiki/Tony_Nsofor	['1900', '1950']
Uche Okeke	/wiki/Uche_Okeke	['1900', '1950']
Ada Udechukwu	/wiki/Ada_Udechukwu	['1960', '2025']
Africanus Horton	/wiki/Africanus_Horton	['1835', '1883']
Buchi Emecheta	/wiki/Buchi_Emecheta	['1944', '2017']
Catherine Obianuju Acholonu	/wiki/Catherine_Obianuju_Acholonu	['1951', '2014']
Chika Unigwe	/wiki/Chika_Unigwe	['1974', '2025']
Chimamanda Ngozi Adichie	/wiki/Chimamanda_Ngozi_Adichie	['1977', '2025']
Chinua Achebe	/wiki/Chinua_Achebe	['1930', '2013']
Chinweizu Ibekwe	/wiki/Chinweizu_Ibekwe	['1943', '2025']
Chris Abani	/wiki/Chris_Abani	['1966', '2025']
Christopher Okigbo	/wiki/Christopher_Okigbo	['1932', '1967']
Cyprian Ekwensi	/wiki/Cyprian_Ekwensi	['1921', '2007']
Chuma Mmeka	/wiki/Chuma_Mmeka	['1900', '1950']
E. Nolue Emenanjo	/wiki/E._Nolue_Emenanjo	['1943', '2025']
Edward Wilmot Blyden	/wiki/Edward_Wilmot_Blyden	['1832', '1912']
Elizabeth Isichei	/wiki/Elizabeth_Isichei	['1900', '1950']
F. Nnabuenyi Ugonna	/wiki/F._Nnabuenyi_Ugonna	['1936', '1990']
Flora Nwapa	/wiki/Flora_Nwapa	['1931', '1993']
Ifeanyi Chijindu	/wiki/Ifeanyi_Chijindu	['1978', '2025']
Ifeoma Onyefulu	/wiki/Ifeoma_Onyefulu	['1900', '1950']
Ike Oguine	/wiki/Ike_Oguine	['1900', '1950']
Jeff Unaegbu	/wiki/Jeff_Unaegbu	['1900', '1950']
Joy Chinwe Eyisi	/wiki/Joy_Chinwe_Eyisi	['1900', '1950']
Michael Echeruo	/wiki/Michael_Echeruo	['1900', '1950']
Okey Ndibe	/wiki/Okey_Ndibe	['1900', '1950']
Okwui Enwezor	/wiki/Okwui_Enwezor	['1900', '1950']
Olaudah Equiano	/wiki/Olaudah_Equiano	['1745', '1797']
Onuora Nzekwu	/wiki/Onuora_Nzekwu	['1900', '1950']
Onyeka Nwelue	/wiki/Onyeka_Nwelue	['1900', '1950']
Nkem Nwankwo	/wiki/Nkem_Nwankwo	['1936', '2001']
Nnedi Okorafor	/wiki/Nnedi_Okorafor	['1900', '1950']
Nnorom Azuonye	/wiki/Nnorom_Azuonye	['1900', '1950']
Paschal Eze	/wiki/Paschal_Eze	['1900', '1950']
Uche Nduka	/wiki/Uche_Nduka	['1963', '2025']
Uchechi Kalu	/wiki/Uchechi_Kalu	['1900', '1950']
Uzodinma Iweala	/wiki/Uzodinma_Iweala	['1900', '1950']
Vincent Chukwuemeka Ike	/wiki/Vincent_Chukwuemeka_Ike	['1931', '2025']
William Barleycorn	/wiki/William_Barleycorn	['1884', '1925']
Zulu Sofola	/wiki/Zulu_Sofola	['1935', '1995']
Amaka Igwe	/wiki/Amaka_Igwe	['1900', '1950']
Chet Anekwe	/wiki/Chet_Anekwe	['1900', '1950']
Chika Anadu	/wiki/Chika_Anadu	['1900', '1950']
Chinedum Iregbu	/wiki/Chinedum_Iregbu	['1900', '1950']
Chineze Anyaene	/wiki/Chineze_Anyaene	['1900', '1950']
C. J. Obasi	/wiki/C._J._Obasi	['1900', '1950']
Chris Ihidero	/wiki/Chris_Ihidero	['1900', '1950']
David Nnaji	/wiki/David_Nnaji	['1900', '1950']
Dickson Iroegbu	/wiki/Dickson_Iroegbu	['1900', '1950']
Eddie Ugbomah	/wiki/Eddie_Ugbomah	['1900', '1950']
Ikechukwu Onyeka	/wiki/Ikechukwu_Onyeka	['1900', '1950']
Izu Ojukwu	/wiki/Izu_Ojukwu	['1900', '1950']
Lonzo Nzekwe	/wiki/Lonzo_Nzekwe	['1900', '1950']
Mildred Okwo	/wiki/Mildred_Okwo	['1900', '1950']
Nkiru Njoku	/wiki/Nkiru_Njoku	['1900', '1950']
Obi Emelonye	/wiki/Obi_Emelonye	['1900', '1950']
Oby Kechere	/wiki/Oby_Kechere	['1900', '1950']
Okechukwu Oku	/wiki/Okechukwu_Oku	['1900', '1950']
Onyeka Nwelue	/wiki/Onyeka_Nwelue	['1900', '1950']
Pascal Amanfo	/wiki/Pascal_Amanfo	['1900', '1950']
Pascal Atuma	/wiki/Pascal_Atuma	['1900', '1950']
Sam Ukala	/wiki/Sam_Ukala	['1900', '1950']
Uche Odoh	/wiki/Uche_Odoh	['1900', '1950']
Mary Uranta	/wiki/Mary_Uranta	['1900', '1950']
Uzo	/wiki/Uzo	['1900', '1950']
Ada Ehi	/wiki/Ada_Ehi	['1900', '1950']
Frank Edwards	/wiki/Frank_Edwards_(gospel_musician)	['1900', '1950']
Mercy Chinwo	/wiki/Mercy_Chinwo	['1900', '1950']
Obiwon	/wiki/Obiwon	['1900', '1950']
Samsong	/wiki/Samsong	['1900', '1950']
Sinach	/wiki/Sinach	['1900', '1950']
Bright Chimezie	/wiki/Bright_Chimezie	['1900', '1950']
Celestine Ukwu	/wiki/Celestine_Ukwu	['1900', '1950']
Dr Alban	/wiki/Dr_Alban	['1900', '1950']
Jide Obi	/wiki/Jide_Obi	['1900', '1950']
Joshua Uzoigwe	/wiki/Joshua_Uzoigwe	['1900', '1950']
Mendi & Keith Obadike	/wiki/Mendi_%26_Keith_Obadike	['1900', '1950']
Mike Ejeagha	/wiki/Mike_Ejeagha	['1900', '1950']
Oliver De Coque	/wiki/Oliver_De_Coque	['1900', '1950']
Onyeka Onwenu	/wiki/Onyeka_Onwenu	['1900', '1950']
Dr Sir Warrior	/wiki/Dr_Sir_Warrior	['1900', '1950']
Patti Boulaye	/wiki/Patti_Boulaye	['1900', '1950']
Pericoma Okoye	/wiki/Pericoma_Okoye	['1900', '1950']
Chief Stephen Osita Osadebe	/wiki/Chief_Stephen_Osita_Osadebe	['1900', '1950']
William Onyeabor	/wiki/William_Onyeabor	['1900', '1950']
Amarachi	/wiki/Amarachi	['1900', '1950']
Bracket	/wiki/Bracket_(music_group)	['1900', '1950']
Chidinma	/wiki/Chidinma	['1900', '1950']
Chikezie	/wiki/Chikezie	['1900', '1950']
Duncan Mighty	/wiki/Duncan_Mighty	['1900', '1950']
Echezonachukwu Nduka	/wiki/Echezonachukwu_Nduka	['1900', '1950']
Ego Ihenacho	/wiki/Ego_Ihenacho	['1900', '1950']
Emma Nyra	/wiki/Emma_Nyra	['1900', '1950']
Emmy Gee	/wiki/Emmy_Gee	['1900', '1950']
Faze	/wiki/Faze_(musician)	['1900', '1950']
Flavour N'abania	/wiki/Flavour_N%27abania	['1900', '1950']
Humblesmith	/wiki/Humblesmith	['1900', '1950']
J. Martins	/wiki/J._Martins	['1900', '1950']
Jidenna	/wiki/Jidenna	['1900', '1950']
Kcee	/wiki/Kcee_(musician)	['1900', '1950']
Kele Okereke	/wiki/Kele_Okereke	['1900', '1950']
Lachi	/wiki/Lachi_(artist)	['1900', '1950']
Lemar	/wiki/Lemar	['1900', '1950']
Leo the Lion	/wiki/Leo_the_Lion_(singer)	['1900', '1950']
Lynxxx	/wiki/Lynxxx	['1900', '1950']
Mr Raw	/wiki/Mr_Raw	['1900', '1950']
Muma Gee	/wiki/Muma_Gee	['1900', '1950']
Naeto C	/wiki/Naeto_C	['1900', '1950']
Nneka	/wiki/Nneka_(singer)	['1900', '1950']
P-Square	/wiki/P-Square	['1900', '1950']
Patoranking	/wiki/Patoranking	['1900', '1950']
Phyno	/wiki/Phyno	['1900', '1950']
Ric Hassani	/wiki/Ric_Hassani	['1900', '1950']
Ruggedman	/wiki/Ruggedman	['1900', '1950']
Runtown	/wiki/Runtown	['1900', '1950']
SHiiKANE	/wiki/SHiiKANE	['1900', '1950']
Tekno	/wiki/Tekno_(musician)	['1900', '1950']
Tinie Tempah	/wiki/Tinie_Tempah	['1900', '1950']
Ty	/wiki/Ty_(rapper)	['1900', '1950']
Tyler, the Creator	/wiki/Tyler,_the_Creator	['1900', '1950']
Waconzy	/wiki/Waconzy	['1900', '1950']
Arunma Oteh	/wiki/Arunma_Oteh	['1900', '1950']
Charles Chukwuma Soludo	/wiki/Charles_Chukwuma_Soludo	['1900', '1950']
Godwin Emefiele	/wiki/Godwin_Emefiele	['1900', '1950']
Ngozi Okonjo-Iweala	/wiki/Ngozi_Okonjo-Iweala	['1900', '1950']
Obiageli Ezekwesili	/wiki/Obiageli_Ezekwesili	['1900', '1950']
Onyema Ugochukwu	/wiki/Onyema_Ugochukwu	['1900', '1950']
Pat Utomi	/wiki/Pat_Utomi	['1900', '1950']
Pius Okigbo	/wiki/Pius_Okigbo	['1900', '1950']
Priscilla Ekwere Eleje	/wiki/Priscilla_Ekwere_Eleje	['1900', '1950']
Kenneth Uwadi	/wiki/Kenneth_Uwadi	['1900', '1950']
Linda Ikeji	/wiki/Linda_Ikeji	['1900', '1950']
Noble Igwe	/wiki/Noble_Igwe	['1900', '1950']
Uche Eze	/wiki/Uche_Eze	['1900', '1950']
Alex Nwankwo	/wiki/Alex_Nwankwo	['1900', '1950']
Chile Eboe-Osuji	/wiki/Chile_Eboe-Osuji	['1900', '1950']
Pats Acholonu	/wiki/Pats_Acholonu	['1900', '1950']
Chukwudifu Oputa	/wiki/Chukwudifu_Oputa	['1900', '1950']
Albert Okonkwo	/wiki/Albert_Okonkwo	['1900', '1950']
Joseph Chike Edozien	/wiki/Joseph_Chike_Edozien	['1900', '1950']
Chioma Ajunwa	/wiki/Chioma_Ajunwa	['1900', '1950']
Chioma Igwe	/wiki/Chioma_Igwe	['1900', '1950']
Ugochukwu Monye	/wiki/Ugochukwu_Monye	['1900', '1950']
Adimchinobi Echemandu	/wiki/Adimchinobi_Echemandu	['1900', '1950']
Amobi Okoye	/wiki/Amobi_Okoye	['1900', '1950']
Buchie Ibeh	/wiki/Buchie_Ibeh	['1900', '1950']
Chidi Iwuoma	/wiki/Chidi_Iwuoma	['1900', '1950']
Chike Okeafor	/wiki/Chike_Okeafor	['1900', '1950']
Chinedum Ndukwe	/wiki/Chinedum_Ndukwe	['1900', '1950']
Christian Okoye	/wiki/Christian_Okoye	['1900', '1950']
Chukky Okobi	/wiki/Chukky_Okobi	['1900', '1950']
Iheanyi Uwaezuoke	/wiki/Iheanyi_Uwaezuoke	['1900', '1950']
Ike Ndukwe	/wiki/Ike_Ndukwe	['1900', '1950']
Isaiah Ekejiuba	/wiki/Isaiah_Ekejiuba	['1900', '1950']
Kelechi Osemele	/wiki/Kelechi_Osemele	['1900', '1950']
Kenechi Udeze	/wiki/Kenechi_Udeze	['1900', '1950']
N. D. Kalu	/wiki/N._D._Kalu	['1900', '1950']
Nnamdi Asomugha	/wiki/Nnamdi_Asomugha	['1900', '1950']
Obed Ariri	/wiki/Obed_Ariri	['1900', '1950']
Osi Umenyiora	/wiki/Osi_Umenyiora	['1900', '1950']
Patrick Chukwurah	/wiki/Patrick_Chukwurah	['1900', '1950']
Tony Ugoh	/wiki/Tony_Ugoh	['1900', '1950']
Victor Abiamiri	/wiki/Victor_Abiamiri	['1900', '1950']
Martin Offiah	/wiki/Martin_Offiah	['1900', '1950']
Agnes Okoh	/wiki/Agnes_Okoh	['1905', '1995']
Cyprian Michael Iwene Tansi	/wiki/Cyprian_Michael_Iwene_Tansi	['1903', '1964']
Francis Arinze	/wiki/Francis_Arinze	['1900', '1950']
Lazarus Muoka	/wiki/Lazarus_Muoka	['1900', '1950']
Uma Ukpai	/wiki/Uma_Ukpai	['1900', '1950']
T.D. Jakes	/wiki/T.D._Jakes	['1900', '1950']
William Drew Robeson I	/wiki/William_Drew_Robeson_I	['1844', '1918']
William Barleycorn	/wiki/William_Barleycorn	['1884', '1925']
Template:Igbo topics	/wiki/Template:Igbo_topics	['1900', '1950']
Template talk:Igbo topics	/wiki/Template_talk:Igbo_topics	['1900', '1950']
Lejja	/wiki/Lejja	['1900', '1950']
Opi	/wiki/Opi_(archaeological_site)	['1900', '1950']
Aro Confederacy	/wiki/Aro_Confederacy	['1900', '1950']
Ekumeku Movement	/wiki/Ekumeku_Movement	['1900', '1950']
Anglo-Aro War	/wiki/Anglo-Aro_War	['1900', '1950']
Women's War	/wiki/Women%27s_War	['1900', '1950']
Eastern Region, Nigeria	/wiki/Eastern_Region,_Nigeria	['1900', '1950']
1966 anti-Igbo pogrom	/wiki/1966_anti-Igbo_pogrom	['1900', '1950']
Nigerian Civil War	/wiki/Nigerian_Civil_War	['1900', '1950']
Nigeria	/wiki/Nigeria	['1900', '1950']
Anioma people	/wiki/Anioma_people	['1900', '1950']
Aro people	/wiki/Aro_people	['1900', '1950']
Edda people	/wiki/Edda_people	['1900', '1950']
Ekpeye people	/wiki/Ekpeye_people	['1900', '1950']
Etche	/wiki/Etche	['1900', '1950']
Ezaa people	/wiki/Ezaa_people	['1900', '1950']
Ika people	/wiki/Ika_people	['1900', '1950']
Ikwerre people	/wiki/Ikwerre_people	['1900', '1950']
Ikwo people	/wiki/Ikwo_people	['1900', '1950']
Isu people	/wiki/Isu_people	['1900', '1950']
Izzi people	/wiki/Izzi_people	['1900', '1950']
Mbaise	/wiki/Mbaise	['1900', '1950']
Mgbo people	/wiki/Mgbo_people	['1900', '1950']
Ngwa	/wiki/Ngwa	['1900', '1950']
Nri-Igbo	/wiki/Nri-Igbo	['1900', '1950']
Ogba people	/wiki/Ogba_people	['1900', '1950']
Ohafia	/wiki/Ohafia	['1900', '1950']
Ohuhu people	/wiki/Ohuhu_people	['1900', '1950']
Onitsha-Ado	/wiki/Onitsha-Ado	['1900', '1950']
Ukwuani people	/wiki/Ukwuani_people	['1900', '1950']
Waawa	/wiki/Waawa	['1900', '1950']
Anti-Igbo sentiment	/wiki/Anti-Igbo_sentiment	['1900', '1950']
Biafra	/wiki/Biafra	['1900', '1950']
Eastern Region, Nigeria	/wiki/Eastern_Region,_Nigeria	['1900', '1950']
Ohanaeze Ndigbo	/wiki/Ohanaeze_Ndigbo	['1900', '1950']
Abia State	/wiki/Abia_State	['1900', '1950']
Anambra State	/wiki/Anambra_State	['1900', '1950']
Bayelsa State	/wiki/Bayelsa_State	['1900', '1950']
Ebonyi State	/wiki/Ebonyi_State	['1900', '1950']
Enugu State	/wiki/Enugu_State	['1900', '1950']
Delta State	/wiki/Delta_State	['1900', '1950']
Imo State	/wiki/Imo_State	['1900', '1950']
Rivers State	/wiki/Rivers_State	['1900', '1950']
Aba, Abia	/wiki/Aba,_Abia	['1900', '1950']
Asaba, Delta	/wiki/Asaba,_Delta	['1900', '1950']
Enugu	/wiki/Enugu	['1900', '1950']
Onitsha	/wiki/Onitsha	['1900', '1950']
Owerri	/wiki/Owerri	['1900', '1950']
Port Harcourt	/wiki/Port_Harcourt	['1900', '1950']
Awka	/wiki/Awka	['1900', '1950']
Nnewi	/wiki/Nnewi	['1900', '1950']
Awka-Etiti	/wiki/Awka-Etiti	['1900', '1950']
Nsukka	/wiki/Nsukka	['1900', '1950']
Abakaliki	/wiki/Abakaliki	['1900', '1950']
Umuahia	/wiki/Umuahia	['1900', '1950']
Igbo people	/wiki/Igbo_people	['1900', '1950']
Afro-Barbadian	/wiki/Afro-Barbadian	['1900', '1950']
Afro-Dominican	/wiki/Afro-Dominican_(Dominica)	['1900', '1950']
Igbo Canadian	/wiki/Igbo_Canadian	['1900', '1950']
Saro	/wiki/Saro_(Nigeria)	['1900', '1950']
British Nigerian	/wiki/British_Nigerian	['1900', '1950']
Igbo American	/wiki/Igbo_American	['1900', '1950']
Igbo art	/wiki/Igbo_art	['1900', '1950']
Igbo calendar	/wiki/Igbo_calendar	['1900', '1950']
Igbo cuisine	/wiki/Igbo_cuisine	['1900', '1950']
Igbo Jews	/wiki/Igbo_Jews	['1900', '1950']
Igbo music	/wiki/Igbo_music	['1900', '1950']
Igbo highlife	/wiki/Igbo_highlife	['1900', '1950']
Igbo rap	/wiki/Igbo_rap	['1900', '1950']
Odumodu music	/wiki/Odumodu_music	['1900', '1950']
Ogene	/wiki/Ogene	['1900', '1950']
Igbo name	/wiki/Igbo_name	['1900', '1950']
Ofala Festival	/wiki/Ofala_Festival	['1900', '1950']
Odinani	/wiki/Odinani	['1900', '1950']
Igbo language	/wiki/Igbo_language	['1900', '1950']
Igboid languages	/wiki/Igboid_languages	['1900', '1950']
Anioma people	/wiki/Anioma_people	['1900', '1950']
Enuani dialect	/wiki/Enuani_dialect	['1900', '1950']
Ika language	/wiki/Ika_language_(Nigeria)	['1900', '1950']
Ikwerre language	/wiki/Ikwerre_language	['1900', '1950']
Izi language	/wiki/Izi_language	['1900', '1950']
Waawa	/wiki/Waawa	['1900', '1950']
ig:Ihü Mbu	https://ig.wikipedia.org/wiki/Ih%C3%BC_Mbu	['1900', '1950']
