text	link	year
John Agitation	/wiki/John_Agitation	['1900', '1950']
Ben Ali	/wiki/Ben_Ali_(businessman)	['1900', '1950']
Inshan Ali	/wiki/Inshan_Ali	['1900', '1950']
Choc'late Allen	/wiki/Choc%27late_Allen	['1900', '1950']
Marlon Asher	/wiki/Marlon_Asher	['1900', '1950']
Attila the Hun	/wiki/Attila_the_Hun_(calypsonian)	['1900', '1950']
Winifred Atwell	/wiki/Winifred_Atwell	['1900', '1950']
Geoffrey Holder	/wiki/Geoffrey_Holder	['1900', '1950']
Anya Ayoung-Chee	/wiki/Anya_Ayoung-Chee	['1900', '1950']
Nicki Minaj	/wiki/Nicki_Minaj	['1900', '1950']
Samuel Badree	/wiki/Samuel_Badree	['1900', '1950']
Charles Baksh	/wiki/Charles_Baksh	['1900', '1950']
Mighty Shadow	/wiki/Mighty_Shadow	['1900', '1950']
Kevin Baldeosingh	/wiki/Kevin_Baldeosingh	['1900', '1950']
Bas Balkissoon	/wiki/Bas_Balkissoon	['1900', '1950']
Adrian Barath	/wiki/Adrian_Barath	['1900', '1950']
Gerry Bednob	/wiki/Gerry_Bednob	['1900', '1950']
Lionel Belasco	/wiki/Lionel_Belasco	['1900', '1950']
Lloyd Best	/wiki/Lloyd_Best	['1900', '1950']
Mike Bibby	/wiki/Mike_Bibby	['1900', '1950']
Ian Bishop	/wiki/Ian_Bishop_(cricketer,_born_1967)	['1900', '1950']
Ravi Bissambhar	/wiki/Ravi_Bissambhar	['1900', '1950']
Chris Bisson	/wiki/Chris_Bisson	['1900', '1950']
Neil Bissoondath	/wiki/Neil_Bissoondath	['1900', '1950']
Black Stalin	/wiki/Black_Stalin	['1900', '1950']
Ato Boldon	/wiki/Ato_Boldon	['1900', '1950']
Michelle Borel	/wiki/Michelle_Borel	['1900', '1950']
Dole Chadee	/wiki/Dole_Chadee	['1900', '1950']
Denzil Botus	/wiki/Denzil_Botus	['1900', '1950']
Brother Resistance	/wiki/Brother_Resistance	['1900', '1950']
Rudranath Capildeo	/wiki/Rudranath_Capildeo	['1900', '1950']
Simbhoonath Capildeo	/wiki/Simbhoonath_Capildeo	['1900', '1950']
Vahni Capildeo	/wiki/Vahni_Capildeo	['1900', '1950']
Ria Carlo	/wiki/Ria_Carlo	['1900', '1950']
Edwin Carrington	/wiki/Edwin_Carrington	['1900', '1950']
Anthony Carmona	/wiki/Anthony_Carmona	['1900', '1950']
Reema Harrysingh-Carmona	/wiki/Reema_Harrysingh-Carmona	['1900', '1950']
Jennifer Carroll	/wiki/Jennifer_Carroll	['1900', '1950']
Patrick Castagne	/wiki/Patrick_Castagne	['1900', '1950']
Jennifer Cassar	/wiki/Jennifer_Cassar	['1900', '1950']
Chalkdust	/wiki/Chalkdust	['1900', '1950']
George Chambers	/wiki/George_Chambers	['1900', '1950']
Ranji Chandisingh	/wiki/Ranji_Chandisingh	['1900', '1950']
Janelle Commissiong	/wiki/Janelle_Commissiong	['1900', '1950']
Hasely Crawford	/wiki/Hasely_Crawford	['1900', '1950']
Crazy	/wiki/Crazy_(calypsonian)	['1900', '1950']
Ralph de Boissière	/wiki/Ralph_de_Boissi%C3%A8re	['1900', '1950']
Rajindra Dhanraj	/wiki/Rajindra_Dhanraj	['1900', '1950']
Anslem Douglas	/wiki/Anslem_Douglas	['1900', '1950']
Errol Duke	/wiki/Errol_Duke	['1900', '1950']
Winston Duke	/wiki/Winston_Duke	['1900', '1950']
Rayad Emrit	/wiki/Rayad_Emrit	['1900', '1950']
Michael Ellis Fisher	/wiki/Michael_Ellis_Fisher	['1900', '1950']
Wendy Fitzwilliam	/wiki/Wendy_Fitzwilliam	['1900', '1950']
Sharlene Flores	/wiki/Sharlene_Flores	['1900', '1950']
Hedy Fry	/wiki/Hedy_Fry	['1900', '1950']
Daren Ganga	/wiki/Daren_Ganga	['1900', '1950']
Hermat Gangapersad	/wiki/Hermat_Gangapersad	['1900', '1950']
Destra Garcia	/wiki/Destra_Garcia	['1900', '1950']
George 'Sonny' Goddard	/wiki/George_%27Sonny%27_Goddard	['1900', '1950']
Albert Gomes	/wiki/Albert_Gomes	['1900', '1950']
Robert Greenidge	/wiki/Robert_Greenidge	['1900', '1950']
Growling Tiger	/wiki/Growling_Tiger	['1900', '1950']
Gypsy	/wiki/Gypsy_(calypsonian)	['1900', '1950']
Subhash Gupte	/wiki/Subhash_Gupte	['1900', '1950']
Haddaway	/wiki/Haddaway	['1900', '1950']
Ian Hanomansing	/wiki/Ian_Hanomansing	['1900', '1950']
Simone Harris	/wiki/Simone_Harris	['1900', '1950']
Khalid Hassanali	/wiki/Khalid_Hassanali	['1900', '1950']
Noor Hassanali	/wiki/Noor_Hassanali	['1900', '1950']
Heather Headley	/wiki/Heather_Headley	['1900', '1950']
Solomon Hochoy	/wiki/Solomon_Hochoy	['1900', '1950']
Boscoe Holder	/wiki/Boscoe_Holder	['1900', '1950']
Imran N. Hosein	/wiki/Imran_N._Hosein	['1900', '1950']
Wilmoth Houdini	/wiki/Wilmoth_Houdini	['1900', '1950']
Dominique Jackson	/wiki/Dominique_Jackson_(model)	['1900', '1950']
Kendall Jagdeosingh	/wiki/Kendall_Jagdeosingh	['1900', '1950']
Amit Jaggernauth	/wiki/Amit_Jaggernauth	['1900', '1950']
Rikki Jai	/wiki/Rikki_Jai	['1900', '1950']
C. L. R. James	/wiki/C._L._R._James	['1900', '1950']
Trinidad James	/wiki/Trinidad_James	['1900', '1950']
Anthony Joseph	/wiki/Anthony_Joseph	['1900', '1950']
Vena Jules	/wiki/Vena_Jules	['1900', '1950']
Hubert Julian	/wiki/Hubert_Julian	['1900', '1950']
Parvati Khan	/wiki/Parvati_Khan	['1900', '1950']
Vashtie Kola	/wiki/Vashtie_Kola	['1900', '1950']
Harold Sonny Ladoo	/wiki/Harold_Sonny_Ladoo	['1900', '1950']
Kamu Laird	/wiki/Kamu_Laird	['1900', '1950']
Brian Lara	/wiki/Brian_Lara	['1900', '1950']
Giselle Laronde	/wiki/Giselle_Laronde	['1900', '1950']
Lancelot Layne	/wiki/Lancelot_Layne	['1900', '1950']
Earl Lovelace	/wiki/Earl_Lovelace	['1900', '1950']
Lord Beginner	/wiki/Lord_Beginner	['1900', '1950']
Lord Creator	/wiki/Lord_Creator	['1900', '1950']
Lord Invader	/wiki/Lord_Invader	['1900', '1950']
Lord Kitchener	/wiki/Lord_Kitchener_(calypsonian)	['1900', '1950']
Lord Melody	/wiki/Lord_Melody	['1900', '1950']
Lovey's String Band	/wiki/Lovey%27s_String_Band	['1900', '1950']
The Mad Stuntman	/wiki/The_Mad_Stuntman	['1900', '1950']
Davan Maharaj	/wiki/Davan_Maharaj	['1900', '1950']
Devant Maharaj	/wiki/Devant_Maharaj	['1900', '1950']
Krishna Maharaj	/wiki/Krishna_Maharaj	['1900', '1950']
Rabi Maharaj	/wiki/Rabi_Maharaj	['1900', '1950']
Satnarayan Maharaj	/wiki/Satnarayan_Maharaj	['1900', '1950']
Valene Maharaj	/wiki/Valene_Maharaj	['1900', '1950']
Bhadase Sagan Maraj	/wiki/Bhadase_Sagan_Maraj	['1900', '1950']
Ishwar Maraj	/wiki/Ishwar_Maraj	['1900', '1950']
Ralph Maraj	/wiki/Ralph_Maraj	['1900', '1950']
Dean Marshall	/wiki/Dean_Marshall	['1900', '1950']
Ellie Mannette	/wiki/Ellie_Mannette	['1900', '1950']
Patrick Manning	/wiki/Patrick_Manning	['1900', '1950']
Sam Manning	/wiki/Sam_Manning_(musician)	['1900', '1950']
Ira Mathur	/wiki/Ira_Mathur	['1900', '1950']
Surujpat Mathura	/wiki/Surujpat_Mathura	['1900', '1950']
Maximus Dan	/wiki/Maximus_Dan	['1900', '1950']
Haji Gokool Meah	/wiki/Haji_Gokool_Meah	['1900', '1950']
Valentina Medina	/wiki/Valentina_Medina	['1900', '1950']
Alfred Mendes	/wiki/Alfred_Mendes	['1900', '1950']
Sam Mendes	/wiki/Sam_Mendes	['1900', '1950']
Nicki Minaj	/wiki/Nicki_Minaj	['1900', '1950']
Mighty Panther	/wiki/Mighty_Panther	['1900', '1950']
Mighty Sparrow	/wiki/Mighty_Sparrow	['1900', '1950']
Mighty Spoiler	/wiki/Mighty_Spoiler	['1900', '1950']
Mighty Terror	/wiki/Mighty_Terror	['1900', '1950']
Peter Minshall	/wiki/Peter_Minshall	['1900', '1950']
Anisa Mohammed	/wiki/Anisa_Mohammed	['1900', '1950']
Lennox Mohammed	/wiki/Lennox_Mohammed	['1900', '1950']
Machel Montano	/wiki/Machel_Montano	['1900', '1950']
Shani Mootoo	/wiki/Shani_Mootoo	['1900', '1950']
Seepersad Naipaul	/wiki/Seepersad_Naipaul	['1900', '1950']
Shiva Naipaul	/wiki/Shiva_Naipaul	['1900', '1950']
V. S. Naipaul	/wiki/V._S._Naipaul	['1900', '1950']
Rangy Nanan	/wiki/Rangy_Nanan	['1900', '1950']
Sampson Nanton	/wiki/Sampson_Nanton	['1900', '1950']
Valiama Narain	/wiki/Valiama_Narain	['1900', '1950']
Sunil Narine	/wiki/Sunil_Narine	['1900', '1950']
Billy Ocean	/wiki/Billy_Ocean	['1900', '1950']
Basdeo Panday	/wiki/Basdeo_Panday	['1900', '1950']
PartyNextDoor	/wiki/PartyNextDoor	['1900', '1950']
Kamla Persad-Bissessar	/wiki/Kamla_Persad-Bissessar	['1900', '1950']
Lakshmi Persaud	/wiki/Lakshmi_Persaud	['1900', '1950']
Rajendra Persaud	/wiki/Rajendra_Persaud	['1900', '1950']
Wintley Phipps	/wiki/Wintley_Phipps	['1900', '1950']
Denyse Plummer	/wiki/Denyse_Plummer	['1900', '1950']
Nicholas Pooran	/wiki/Nicholas_Pooran	['1900', '1950']
Sundar Popo	/wiki/Sundar_Popo	['1900', '1950']
Neeshan Prabhoo	/wiki/Neeshan_Prabhoo	['1900', '1950']
Tracy Quan	/wiki/Tracy_Quan	['1900', '1950']
Suruj Ragoonath	/wiki/Suruj_Ragoonath	['1900', '1950']
Wendy Rahamut	/wiki/Wendy_Rahamut	['1900', '1950']
Sonny Ramadhin	/wiki/Sonny_Ramadhin	['1900', '1950']
Anantanand Rambachan	/wiki/Anantanand_Rambachan	['1900', '1950']
Surujrattan Rambachan	/wiki/Surujrattan_Rambachan	['1900', '1950']
Kenneth Ramchand	/wiki/Kenneth_Ramchand	['1900', '1950']
Raymond Ramcharitar	/wiki/Raymond_Ramcharitar	['1900', '1950']
Sandra Ramdhanie	/wiki/Sandra_Ramdhanie	['1900', '1950']
Denesh Ramdin	/wiki/Denesh_Ramdin	['1900', '1950']
Drupatee Ramgoonai	/wiki/Drupatee_Ramgoonai	['1900', '1950']
Manny Ramjohn	/wiki/Manny_Ramjohn	['1900', '1950']
Dinanath Ramnarine	/wiki/Dinanath_Ramnarine	['1900', '1950']
Ria Ramnarine	/wiki/Ria_Ramnarine	['1900', '1950']
Heeralal Rampartap	/wiki/Heeralal_Rampartap	['1900', '1950']
Ravi Rampaul	/wiki/Ravi_Rampaul	['1900', '1950']
Arnold Rampersad	/wiki/Arnold_Rampersad	['1900', '1950']
Natasha Ramsahai	/wiki/Natasha_Ramsahai	['1900', '1950']
Donald Ramsamooj	/wiki/Donald_Ramsamooj	['1900', '1950']
Greg Ranjitsingh	/wiki/Greg_Ranjitsingh	['1900', '1950']
Jean Ramjohn-Richards	/wiki/Jean_Ramjohn-Richards	['1900', '1950']
Roaring Lion	/wiki/Roaring_Lion	['1900', '1950']
A. N. R. Robinson	/wiki/A._N._R._Robinson	['1900', '1950']
Keith Rowley	/wiki/Keith_Rowley	['1900', '1950']
David Rudder	/wiki/David_Rudder	['1900', '1950']
Adesh Samaroo	/wiki/Adesh_Samaroo	['1900', '1950']
Jit Samaroo	/wiki/Jit_Samaroo	['1900', '1950']
Lall Sawh	/wiki/Lall_Sawh	['1900', '1950']
Hazel Scott	/wiki/Hazel_Scott	['1900', '1950']
Sam Selvon	/wiki/Sam_Selvon	['1900', '1950']
Cindy Devika Sharma	/wiki/Cindy_Devika_Sharma	['1900', '1950']
Lennox Sharpe	/wiki/Lennox_Sharpe	['1900', '1950']
Ras Shorty I	/wiki/Ras_Shorty_I	['1900', '1950']
Charran Singh	/wiki/Charran_Singh	['1900', '1950']
Kimberly Farrah Singh	/wiki/Kimberly_Farrah_Singh	['1900', '1950']
Lakshmi Singh	/wiki/Lakshmi_Singh	['1900', '1950']
Robin Singh	/wiki/Robin_Singh_(cricketer)	['1900', '1950']
Sir Lancelot	/wiki/Sir_Lancelot_(singer)	['1900', '1950']
Errol Sitahal	/wiki/Errol_Sitahal	['1900', '1950']
Elliott Skinner	/wiki/Elliott_Skinner	['1900', '1950']
Tony Springer	/wiki/Tony_Springer	['1900', '1950']
Superblue	/wiki/Superblue	['1900', '1950']
André Tanker	/wiki/Andr%C3%A9_Tanker	['1900', '1950']
Young Tiger	/wiki/Young_Tiger	['1900', '1950']
Adrian Cola Rienzi	/wiki/Adrian_Cola_Rienzi	['1900', '1950']
Pandit	/wiki/Pandit	['1900', '1950']
Wayne Gerard Trotman	/wiki/Wayne_Gerard_Trotman	['1900', '1950']
Lorraine Toussaint	/wiki/Lorraine_Toussaint	['1900', '1950']
Daisy Voisin	/wiki/Daisy_Voisin	['1900', '1950']
Rudolph Walker	/wiki/Rudolph_Walker	['1900', '1950']
Eric Williams	/wiki/Eric_Williams	['1900', '1950']
Lauryn Williams	/wiki/Lauryn_Williams	['1900', '1950']
Rakesh Yankaran	/wiki/Rakesh_Yankaran	['1900', '1950']
Dwight Yorke	/wiki/Dwight_Yorke	['1900', '1950']
Kareem Abdul-Jabbar	/wiki/Kareem_Abdul-Jabbar	['1900', '1950']
Tatyana Ali	/wiki/Tatyana_Ali	['1900', '1950']
Waheed Alli, Baron Alli	/wiki/Waheed_Alli,_Baron_Alli	['1900', '1950']
Jessica Sula	/wiki/Jessica_Sula	['1900', '1950']
Winston Duke	/wiki/Winston_Duke	['1900', '1950']
Cardi B	/wiki/Cardi_B	['1900', '1950']
Alfonso Ribeiro	/wiki/Alfonso_Ribeiro	['1900', '1950']
Foxy Brown	/wiki/Foxy_Brown_(rapper)	['1900', '1950']
Danny Cipriani	/wiki/Danny_Cipriani	['1900', '1950']
Affion Crockett	/wiki/Affion_Crockett	['1900', '1950']
Shari Headley	/wiki/Shari_Headley	['1900', '1950']
Roy Hibbert	/wiki/Roy_Hibbert	['1900', '1950']
Daymond John	/wiki/Daymond_John	['1900', '1950']
Nia Long	/wiki/Nia_Long	['1900', '1950']
Errol Louis	/wiki/Errol_Louis	['1900', '1950']
Gabrielle Reece	/wiki/Gabrielle_Reece	['1900', '1950']
Alfonso Ribeiro	/wiki/Alfonso_Ribeiro	['1900', '1950']
Sommore	/wiki/Sommore	['1900', '1950']
AJ Tracey	/wiki/AJ_Tracey	['1900', '1950']
MF Doom	/wiki/MF_Doom	['1900', '1950']
Ronda Rousey	/wiki/Ronda_Rousey	['1900', '1950']
Errol Barrow	/wiki/Errol_Barrow	['1900', '1950']
Roger Gaspard	/wiki/Roger_Gaspard	['1900', '1950']
Christopher Walker	/wiki/Christopher_Walker	['1900', '1950']
Tubal Uriah Butler	/wiki/Tubal_Uriah_Butler	['1900', '1950']
Derek Walcott	/wiki/Derek_Walcott	['1900', '1950']
Peter Doig	/wiki/Peter_Doig	['1900', '1950']
