text	link	year
Tusiata Avia	/wiki/Tusiata_Avia	['1900', '1950']
Serie Barford	/wiki/Serie_Barford	['1900', '1950']
Joseph Churchward	/wiki/Joseph_Churchward	['1900', '1950']
Fatu Feu'u	/wiki/Fatu_Feu%27u	['1900', '1950']
Sia Figiel	/wiki/Sia_Figiel	['1900', '1950']
Niki Hastings-McFall	/wiki/Niki_Hastings-McFall	['1900', '1950']
Shigeyuki Kihara	/wiki/Shigeyuki_Kihara	['1900', '1950']
Lily Laita	/wiki/Lily_Laita	['1900', '1950']
Janet Lilo	/wiki/Janet_Lilo	['1900', '1950']
Savea Sano Malifa	/wiki/Savea_Sano_Malifa	['1900', '1950']
Dan Taulapapa McMullin	/wiki/Dan_Taulapapa_McMullin	['1900', '1950']
Courtney Sina Meredith	/wiki/Courtney_Sina_Meredith	['1900', '1950']
Josefa Moe	/wiki/Josefa_Moe	['1900', '1950']
Lino Nelisi	/wiki/Lino_Nelisi	['1900', '1950']
Sua Sulu'ape Paulo II	/wiki/Sua_Sulu%27ape_Paulo_II	['1900', '1950']
Johnny Penisula	/wiki/Johnny_Penisula	['1900', '1950']
Sapa'u Ruperake Petaia	/wiki/Sapa%27u_Ruperake_Petaia	['1900', '1950']
Lemi Ponifasio	/wiki/Lemi_Ponifasio	['1900', '1950']
Greg Semu	/wiki/Greg_Semu	['1900', '1950']
Leilani Tamu	/wiki/Leilani_Tamu	['1900', '1950']
Teuane Tibbo	/wiki/Teuane_Tibbo	['1900', '1950']
Angela Tiatia	/wiki/Angela_Tiatia	['1900', '1950']
Michel Tuffery	/wiki/Michel_Tuffery	['1900', '1950']
Momoe Malietoa Von Reiche	/wiki/Momoe_Malietoa_Von_Reiche	['1900', '1950']
Albert Wendt	/wiki/Albert_Wendt	['1900', '1950']
Lani Wendt-Young	/wiki/Lani_Wendt-Young	['1900', '1950']
Emma Forsayth	/wiki/Emma_Forsayth	['1900', '1950']
Monica Galetti	/wiki/Monica_Galetti	['1900', '1950']
Aggie Grey	/wiki/Aggie_Grey	['1900', '1950']
Alexia Hilbertidou	/wiki/Alexia_Hilbertidou	['1900', '1950']
Maposua Rudolf Keil	/wiki/Maposua_Rudolf_Keil	['1900', '1950']
Gustavia Lui	/wiki/Gustavia_Lui	['1900', '1950']
Olaf Frederick Nelson	/wiki/Olaf_Frederick_Nelson	['1900', '1950']
Donna Rose Addis	/wiki/Donna_Rose_Addis	['1900', '1950']
Mary Elizabeth Brown	/wiki/Mary_Elizabeth_Brown	['1900', '1950']
Peggy Fairbairn-Dunlop	/wiki/Peggy_Fairbairn-Dunlop	['1900', '1950']
Brianna Fruean	/wiki/Brianna_Fruean	['1900', '1950']
Aiono Fanaafi Le Tagaloa	/wiki/Aiono_Fanaafi_Le_Tagaloa	['1900', '1950']
Salu Hunkin-Finau	/wiki/Salu_Hunkin-Finau	['1900', '1950']
Tania Ka'ai	/wiki/Tania_Ka%27ai	['1900', '1950']
Folole Muliaga	/wiki/Folole_Muliaga	['1900', '1950']
Dawn Rasmussen	/wiki/Dawn_Rasmussen	['1900', '1950']
Damon Salesa	/wiki/Damon_Salesa	['1900', '1950']
Fuiono Senio	/wiki/Fuiono_Senio	['1900', '1950']
Caroline Sinavaiana-Gabbard	/wiki/Caroline_Sinavaiana-Gabbard	['1900', '1950']
Valerie Saena Tuia	/wiki/Valerie_Saena_Tuia	['1900', '1950']
Teo Tuvale	/wiki/Teo_Tuvale	['1900', '1950']
Emma Kruse Va'ai	/wiki/Emma_Kruse_Va%27ai	['1900', '1950']
Frankie Adams	/wiki/Frankie_Adams	['1900', '1950']
Cooper Andrews	/wiki/Cooper_Andrews	['1900', '1950']
KJ Apa	/wiki/KJ_Apa	['1900', '1950']
Jaclyn Betham	/wiki/Jaclyn_Betham	['1900', '1950']
Teuila Blakely	/wiki/Teuila_Blakely	['1900', '1950']
Goretti Chadwick	/wiki/Goretti_Chadwick	['1900', '1950']
Eteuati Ete	/wiki/Eteuati_Ete	['1900', '1950']
Aaron Fa'aoso	/wiki/Aaron_Fa%27aoso	['1900', '1950']
David Fane	/wiki/David_Fane	['1900', '1950']
Tofiga Fepulea'i	/wiki/Tofiga_Fepulea%27i	['1900', '1950']
Mario Gaoa	/wiki/Mario_Gaoa	['1900', '1950']
Nephi Hannemann	/wiki/Nephi_Hannemann	['1900', '1950']
Al Harrington	/wiki/Al_Harrington_(actor)	['1900', '1950']
Dwayne Johnson	/wiki/Dwayne_Johnson	['1900', '1950']
Oscar Kightley	/wiki/Oscar_Kightley	['1900', '1950']
Beulah Koale	/wiki/Beulah_Koale	['1900', '1950']
Jay Laga'aia	/wiki/Jay_Laga%27aia	['1900', '1950']
Nathaniel Lees	/wiki/Nathaniel_Lees	['1900', '1950']
Pua Magasiva	/wiki/Pua_Magasiva	['1900', '1950']
Robbie Magasiva	/wiki/Robbie_Magasiva	['1900', '1950']
Rose Matafeo	/wiki/Rose_Matafeo	['1900', '1950']
Joe Naufahu	/wiki/Joe_Naufahu	['1900', '1950']
Rene Naufahu	/wiki/Rene_Naufahu	['1900', '1950']
Anapela Polataivao	/wiki/Anapela_Polataivao	['1900', '1950']
Tanoai Reed	/wiki/Tanoai_Reed	['1900', '1950']
Fa'afiaula Sagote	/wiki/Fa%27afiaula_Sagote	['1900', '1950']
Victoria Schmidt	/wiki/Victoria_Schmidt	['1900', '1950']
Mika Tan	/wiki/Mika_Tan	['1900', '1950']
"Peter ""Navy"" Tuiasosopo"	/wiki/Peter_%22Navy%22_Tuiasosopo	['1900', '1950']
Lani Tupu	/wiki/Lani_Tupu	['1900', '1950']
Jared Turner	/wiki/Jared_Turner	['1900', '1950']
Sima Urale	/wiki/Sima_Urale	['1900', '1950']
Taylor Wily	/wiki/Taylor_Wily	['1900', '1950']
3 the Hard Way	/wiki/3_the_Hard_Way	['1900', '1950']
Adeaze	/wiki/Adeaze	['1900', '1950']
Boo-Yaa T.R.I.B.E.	/wiki/Boo-Yaa_T.R.I.B.E.	['1900', '1950']
Common Kings	/wiki/Common_Kings	['1900', '1950']
Cornerstone Roots	/wiki/Cornerstone_Roots	['1900', '1950']
Deceptikonz	/wiki/Deceptikonz	['1900', '1950']
Double J and Twice the T	/wiki/Double_J_and_Twice_the_T	['1900', '1950']
Fat Freddy's Drop	/wiki/Fat_Freddy%27s_Drop	['1900', '1950']
Frontline	/wiki/Frontline_(band)	['1900', '1950']
Herbs	/wiki/Herbs_(band)	['1900', '1950']
Home Brew	/wiki/Home_Brew_(band)	['1900', '1950']
Ilanda	/wiki/Ilanda	['1900', '1950']
Jamoa Jam	/wiki/Jamoa_Jam	['1900', '1950']
Kulcha	/wiki/Kulcha_(band)	['1900', '1950']
Nesian Mystik	/wiki/Nesian_Mystik	['1900', '1950']
Pacific Soul	/wiki/Pacific_Soul	['1900', '1950']
Sole Mio	/wiki/Sole_Mio	['1900', '1950']
Te Vaka	/wiki/Te_Vaka	['1900', '1950']
The Five Stars	/wiki/The_Five_Stars	['1900', '1950']
The Katinas	/wiki/The_Katinas	['1900', '1950']
Keil Isles	/wiki/Keil_Isles	['1900', '1950']
The Yandall Sisters	/wiki/The_Yandall_Sisters	['1900', '1950']
Parris Goebel	/wiki/Parris_Goebel	['1900', '1950']
Neil Ieremia	/wiki/Neil_Ieremia	['1900', '1950']
Freddie Letuli	/wiki/Freddie_Letuli	['1900', '1950']
Tony Meredith	/wiki/Tony_Meredith	['1900', '1950']
Aaron Fa'aoso	/wiki/Aaron_Fa%27aoso	['1900', '1950']
John Kneubuhl	/wiki/John_Kneubuhl	['1900', '1950']
Vela Manusaute	/wiki/Vela_Manusaute	['1900', '1950']
Dan Taulapapa McMullin	/wiki/Dan_Taulapapa_McMullin	['1900', '1950']
Victor Rodger	/wiki/Victor_Rodger	['1900', '1950']
Louis Sutherland	/wiki/Louis_Sutherland	['1900', '1950']
Tusi Tamasese	/wiki/Tusi_Tamasese	['1900', '1950']
Lisa Taouma	/wiki/Lisa_Taouma	['1900', '1950']
Makerita Urale	/wiki/Makerita_Urale	['1900', '1950']
Sima Urale	/wiki/Sima_Urale	['1900', '1950']
Autagavaia Tipi Autagavaia	/wiki/Autagavaia_Tipi_Autagavaia	['1900', '1950']
Daniel Faitaua	/wiki/Daniel_Faitaua	['1900', '1950']
April Ieremia	/wiki/April_Ieremia	['1900', '1950']
Savea Sano Malifa	/wiki/Savea_Sano_Malifa	['1900', '1950']
Eti Saaga	/wiki/Eti_Saaga	['1900', '1950']
Pippa Wetzell	/wiki/Pippa_Wetzell	['1900', '1950']
Nick Afoa	/wiki/Nick_Afoa	['1900', '1950']
Alex Aiono	/wiki/Alex_Aiono	['1900', '1950']
Tedashii	/wiki/Tedashii	['1900', '1950']
Chong Nee	/wiki/Chong_Nee	['1900', '1950']
Jackie Clarke	/wiki/Jackie_Clarke	['1900', '1950']
Aivale Cole	/wiki/Aivale_Cole	['1900', '1950']
Daniel Rae Costello	/wiki/Daniel_Rae_Costello	['1900', '1950']
David Dallas	/wiki/David_Dallas	['1900', '1950']
Iosefa Enari	/wiki/Iosefa_Enari	['1900', '1950']
Tha Feelstyle	/wiki/Tha_Feelstyle	['1900', '1950']
Taimane Gardner	/wiki/Taimane_Gardner	['1900', '1950']
Jay'ed	/wiki/Jay%27ed	['1900', '1950']
Jerome Grey	/wiki/Jerome_Grey	['1900', '1950']
Dinah Jane	/wiki/Dinah_Jane	['1900', '1950']
PNC	/wiki/PNC_(rapper)	['1900', '1950']
Vince Harder	/wiki/Vince_Harder	['1900', '1950']
Maryanne Ito	/wiki/Maryanne_Ito	['1900', '1950']
Iakopo	/wiki/Iakopo	['1900', '1950']
Alphonso Keil	/wiki/Alphonso_Keil	['1900', '1950']
Eliza Keil	/wiki/Eliza_Keil	['1900', '1950']
Freddie Keil	/wiki/Freddie_Keil	['1900', '1950']
Herma Keil	/wiki/Herma_Keil	['1900', '1950']
Olaf Keil	/wiki/Olaf_Keil	['1900', '1950']
Exodus Lale	/wiki/Exodus_Lale	['1900', '1950']
Jonathan Lemalu	/wiki/Jonathan_Lemalu	['1900', '1950']
Robyn Loau	/wiki/Robyn_Loau	['1900', '1950']
Tenelle	/wiki/Tenelle	['1900', '1950']
Scribe	/wiki/Scribe_(rapper)	['1900', '1950']
Tau Moe	/wiki/Tau_Moe	['1900', '1950']
Isabella Moore	/wiki/Isabella_Moore_(singer)	['1900', '1950']
Aaradhna	/wiki/Aaradhna	['1900', '1950']
Mavis Rivers	/wiki/Mavis_Rivers	['1900', '1950']
Dei Hamo	/wiki/Dei_Hamo	['1900', '1950']
Mareko	/wiki/Mareko	['1900', '1950']
Savage	/wiki/Savage_(rapper)	['1900', '1950']
Ladi6	/wiki/Ladi6	['1900', '1950']
Mariota Tiumalu Tuiasosopo	/wiki/Mariota_Tiumalu_Tuiasosopo	['1900', '1950']
Napoleon Andrew Tuiteleleapaga	/wiki/Napoleon_Andrew_Tuiteleleapaga	['1900', '1950']
King Kapisi	/wiki/King_Kapisi	['1900', '1950']
Rosita Vai	/wiki/Rosita_Vai	['1900', '1950']
Cheryl Deserée	/wiki/Cheryl_Deser%C3%A9e	['1900', '1950']
Emily Williams	/wiki/Emily_Williams	['1900', '1950']
J. Williams	/wiki/J._Williams_(singer)	['1900', '1950']
Latafale Auva'a	/wiki/Latafale_Auva%27a	['1900', '1950']
Storm Keating	/wiki/Storm_Keating	['1900', '1950']
Marion Malena	/wiki/Marion_Malena	['1900', '1950']
Renera Thompson	/wiki/Renera_Thompson	['1900', '1950']
Gabby Westbrook-Patrick	/wiki/Gabby_Westbrook-Patrick	['1900', '1950']
Esther Tumama Cowley-Malcolm	/wiki/Esther_Tumama_Cowley-Malcolm	['1900', '1950']
Fuimaono Karl Pulotu-Endemann	/wiki/Fuimaono_Karl_Pulotu-Endemann	['1900', '1950']
Erna Takazawa	/wiki/Erna_Takazawa	['1900', '1950']
Walter Vermeulen	/wiki/Walter_Vermeulen	['1900', '1950']
Sua Rimoni Ah Chong	/wiki/Sua_Rimoni_Ah_Chong	['1900', '1950']
Muagututagata Peter Ah Him	/wiki/Muagututagata_Peter_Ah_Him	['1900', '1950']
Tofilau Eti Alesana	/wiki/Tofilau_Eti_Alesana	['1900', '1950']
Gatoloaifaana Amataga Alesana-Gidlow	/wiki/Gatoloaifaana_Amataga_Alesana-Gidlow	['1900', '1950']
Arthur Anae	/wiki/Arthur_Anae	['1900', '1950']
Le Mamea Matatumua Ata	/wiki/Le_Mamea_Matatumua_Ata	['1900', '1950']
Josephine Bartley	/wiki/Josephine_Bartley	['1900', '1950']
Toi Aukuso Cain	/wiki/Toi_Aukuso_Cain	['1900', '1950']
Tuala Falani Chan Tung	/wiki/Tuala_Falani_Chan_Tung	['1900', '1950']
Peter Tali Coleman	/wiki/Peter_Tali_Coleman	['1900', '1950']
Tufuga Efi	/wiki/Tufuga_Efi	['1900', '1950']
Eni Faleomavaega	/wiki/Eni_Faleomavaega	['1900', '1950']
Lualemaga Faoa	/wiki/Lualemaga_Faoa	['1900', '1950']
Taito Phillip Field	/wiki/Taito_Phillip_Field	['1900', '1950']
Alf Filipaina	/wiki/Alf_Filipaina	['1900', '1950']
Mike Gabbard	/wiki/Mike_Gabbard	['1900', '1950']
Tulsi Gabbard	/wiki/Tulsi_Gabbard	['1900', '1950']
Gaioi Tufele Galeai	/wiki/Gaioi_Tufele_Galeai	['1900', '1950']
Mark Gosche	/wiki/Mark_Gosche	['1900', '1950']
Mufi Hannemann	/wiki/Mufi_Hannemann	['1900', '1950']
Brenda Heather-Latu	/wiki/Brenda_Heather-Latu	['1900', '1950']
Mata'afa Iosefo	/wiki/Mata%27afa_Iosefo	['1900', '1950']
Tuala Ainiu Iusitino	/wiki/Tuala_Ainiu_Iusitino	['1900', '1950']
Luagalau Levaula Kamu	/wiki/Luagalau_Levaula_Kamu	['1900', '1950']
Va'ai Kolone	/wiki/Va%27ai_Kolone	['1900', '1950']
Seui Laau	/wiki/Seui_Laau	['1900', '1950']
Winnie Laban	/wiki/Winnie_Laban	['1900', '1950']
Tuiloma Pule Lameko	/wiki/Tuiloma_Pule_Lameko	['1900', '1950']
Malietoa Laupepa	/wiki/Malietoa_Laupepa	['1900', '1950']
A. P. Lutali	/wiki/A._P._Lutali	['1900', '1950']
Aiono Fanaafi Le Tagaloa	/wiki/Aiono_Fanaafi_Le_Tagaloa	['1900', '1950']
Tupua Tamasese Lealofi III	/wiki/Tupua_Tamasese_Lealofi_III	['1900', '1950']
Niko Lee Hang	/wiki/Niko_Lee_Hang	['1900', '1950']
Tuli Le’iato	/wiki/Tuli_Le%E2%80%99iato	['1900', '1950']
Falema‘i Lesa	/wiki/Falema%E2%80%98i_Lesa	['1900', '1950']
Tufele Liamatua	/wiki/Tufele_Liamatua	['1900', '1950']
Peseta Sam Lotu-Iiga	/wiki/Peseta_Sam_Lotu-Iiga	['1900', '1950']
Richard Lussick	/wiki/Richard_Lussick	['1900', '1950']
Afoa Moega Lutu	/wiki/Afoa_Moega_Lutu	['1900', '1950']
Fialupe Felila Fiaui Lutu	/wiki/Fialupe_Felila_Fiaui_Lutu	['1900', '1950']
Matatumua Maimoana	/wiki/Matatumua_Maimoana	['1900', '1950']
Utu Abe Malae	/wiki/Utu_Abe_Malae	['1900', '1950']
Edgar Malepeai	/wiki/Edgar_Malepeai	['1900', '1950']
Tuilaepa Aiono Sailele Malielegaoi	/wiki/Tuilaepa_Aiono_Sailele_Malielegaoi	['1900', '1950']
Tuala Falenaoti Tiresa Malietoa	/wiki/Tuala_Falenaoti_Tiresa_Malietoa	['1900', '1950']
Ida Malosi	/wiki/Ida_Malosi	['1900', '1950']
Lauaki Namulauulu Mamoe	/wiki/Lauaki_Namulauulu_Mamoe	['1900', '1950']
Tee Masaniai	/wiki/Tee_Masaniai	['1900', '1950']
Fiame Naomi Mata'afa	/wiki/Fiame_Naomi_Mata%27afa	['1900', '1950']
Laulu Fetauimalemau Mata'afa	/wiki/Laulu_Fetauimalemau_Mata%27afa	['1900', '1950']
Lemanu Peleti Mauga	/wiki/Lemanu_Peleti_Mauga	['1900', '1950']
Tupua Tamasese Mea'ole	/wiki/Tupua_Tamasese_Mea%27ole	['1900', '1950']
Tauili'ili Uili Meredith	/wiki/Tauili%27ili_Uili_Meredith	['1900', '1950']
Malietoa Moli	/wiki/Malietoa_Moli	['1900', '1950']
Lolo Matalasi Moliga	/wiki/Lolo_Matalasi_Moliga	['1900', '1950']
Fiame Mata'afa Faumuina Mulinu'u II	/wiki/Fiame_Mata%27afa_Faumuina_Mulinu%27u_II	['1900', '1950']
Mata'afa Faumuina Fiame Mulinu'u I	/wiki/Mata%27afa_Faumuina_Fiame_Mulinu%27u_I	['1900', '1950']
Olive Nelson	/wiki/Olive_Nelson	['1900', '1950']
Safuneitu'uga Pa'aga Neri	/wiki/Safuneitu%27uga_Pa%27aga_Neri	['1900', '1950']
Tanu Nona	/wiki/Tanu_Nona	['1900', '1950']
Aveau Niko Palamo	/wiki/Aveau_Niko_Palamo	['1900', '1950']
A'eau Peniamina	/wiki/A%27eau_Peniamina	['1900', '1950']
Le Tagaloa Pita	/wiki/Le_Tagaloa_Pita	['1900', '1950']
Galea'i Peni Poumele	/wiki/Galea%27i_Peni_Poumele	['1900', '1950']
Amata Coleman Radewagen	/wiki/Amata_Coleman_Radewagen	['1900', '1950']
Misa Telefoni Retzlaff	/wiki/Misa_Telefoni_Retzlaff	['1900', '1950']
Le Mamea Ropati	/wiki/Le_Mamea_Ropati	['1900', '1950']
To’alepaiali’i Toeolesulusulu Salesa III	/wiki/To%E2%80%99alepaiali%E2%80%99i_Toeolesulusulu_Salesa_III	['1900', '1950']
Larry Sanitoa	/wiki/Larry_Sanitoa	['1900', '1950']
Patu Tiava'asu'e Falefatu Sapolu	/wiki/Patu_Tiava%27asu%27e_Falefatu_Sapolu	['1900', '1950']
Vui Florence Saulo	/wiki/Vui_Florence_Saulo	['1900', '1950']
Tofā Sauni	/wiki/Tof%C4%81_Sauni	['1900', '1950']
Velega Savali	/wiki/Velega_Savali	['1900', '1950']
Polataivao Fosi Schmidt	/wiki/Polataivao_Fosi_Schmidt	['1900', '1950']
Lefau Harry Schuster	/wiki/Lefau_Harry_Schuster	['1900', '1950']
Carmel Sepuloni	/wiki/Carmel_Sepuloni	['1900', '1950']
William Sio	/wiki/William_Sio	['1900', '1950']
Tuiloma Neroni Slade	/wiki/Tuiloma_Neroni_Slade	['1900', '1950']
Aiono Nonumalo Sofara	/wiki/Aiono_Nonumalo_Sofara	['1900', '1950']
Liufau Sonoma	/wiki/Liufau_Sonoma	['1900', '1950']
Va'aletoa Sualauvi II	/wiki/Va%27aletoa_Sualauvi_II	['1900', '1950']
Faoa Aitofele Sunia	/wiki/Faoa_Aitofele_Sunia	['1900', '1950']
Tauese Sunia	/wiki/Tauese_Sunia	['1900', '1950']
Malietoa Tanumafili I	/wiki/Malietoa_Tanumafili_I	['1900', '1950']
Malietoa Tanumafili II	/wiki/Malietoa_Tanumafili_II	['1900', '1950']
Tu'u'u Ieti Taulealo	/wiki/Tu%27u%27u_Ieti_Taulealo	['1900', '1950']
Tafaoimalo Leilani Tuala-Warren	/wiki/Tafaoimalo_Leilani_Tuala-Warren	['1900', '1950']
Tu'u'u Ieti Taulealo	/wiki/Tu%27u%27u_Ieti_Taulealo	['1900', '1950']
Fuimaono Naoia Tei	/wiki/Fuimaono_Naoia_Tei	['1900', '1950']
Tole’afoa Solomona To’ailoa	/wiki/Tole%E2%80%99afoa_Solomona_To%E2%80%99ailoa	['1900', '1950']
Mata Tuatagaloa	/wiki/Mata_Tuatagaloa	['1900', '1950']
Tuanaitau F. Tuia	/wiki/Tuanaitau_F._Tuia	['1900', '1950']
Tuitama Talalelei Tuitama	/wiki/Tuitama_Talalelei_Tuitama	['1900', '1950']
Save Liuato Tuitele	/wiki/Save_Liuato_Tuitele	['1900', '1950']
Tuika Tuika	/wiki/Tuika_Tuika	['1900', '1950']
Togiola Tulafono	/wiki/Togiola_Tulafono	['1900', '1950']
Tuala Falani Chan Tung	/wiki/Tuala_Falani_Chan_Tung	['1900', '1950']
Andria Tupola	/wiki/Andria_Tupola	['1900', '1950']
Bode Uale	/wiki/Bode_Uale	['1900', '1950']
Asiata Sale'imoa Va'ai	/wiki/Asiata_Sale%27imoa_Va%27ai	['1900', '1950']
Tamaseu Leni Warren	/wiki/Tamaseu_Leni_Warren	['1900', '1950']
Iliafi Esera	/wiki/Iliafi_Esera	['1900', '1950']
O. Vincent Haleck	/wiki/O._Vincent_Haleck	['1900', '1950']
Samani Pulepule	/wiki/Samani_Pulepule	['1900', '1950']
Pio Taofinu'u	/wiki/Pio_Taofinu%27u	['1900', '1950']
Isaako Aaitui	/wiki/Isaako_Aaitui	['1900', '1950']
George Achica	/wiki/George_Achica	['1900', '1950']
Al Afalava	/wiki/Al_Afalava	['1900', '1950']
C.J. Ah You	/wiki/C.J._Ah_You	['1900', '1950']
Harland Ah You	/wiki/Harland_Ah_You	['1900', '1950']
Junior Ah You	/wiki/Junior_Ah_You	['1900', '1950']
James Aiono	/wiki/James_Aiono	['1900', '1950']
Clifton Alapa	/wiki/Clifton_Alapa	['1900', '1950']
Tyson Alualu	/wiki/Tyson_Alualu	['1900', '1950']
Brad Anae	/wiki/Brad_Anae	['1900', '1950']
Robert Anae	/wiki/Robert_Anae	['1900', '1950']
Ricky Andrews	/wiki/Ricky_Andrews	['1900', '1950']
Charley Ane	/wiki/Charley_Ane	['1900', '1950']
Charlie Ane	/wiki/Charlie_Ane	['1900', '1950']
Donovan Arp	/wiki/Donovan_Arp	['1900', '1950']
Devin Asiasi	/wiki/Devin_Asiasi	['1900', '1950']
Isaac Asiata	/wiki/Isaac_Asiata	['1900', '1950']
Johan Asiata	/wiki/Johan_Asiata	['1900', '1950']
Matt Asiata	/wiki/Matt_Asiata	['1900', '1950']
Junior Aumavae	/wiki/Junior_Aumavae	['1900', '1950']
Sal Aunese	/wiki/Sal_Aunese	['1900', '1950']
Kahlil Bell	/wiki/Kahlil_Bell	['1900', '1950']
Kendrick Bourne	/wiki/Kendrick_Bourne	['1900', '1950']
Inoke Breckterfield	/wiki/Inoke_Breckterfield	['1900', '1950']
Algie Brown	/wiki/Algie_Brown	['1900', '1950']
DeForest Buckner	/wiki/DeForest_Buckner	['1900', '1950']
Colby Cameron	/wiki/Colby_Cameron	['1900', '1950']
Jordan Cameron	/wiki/Jordan_Cameron	['1900', '1950']
Su'a Cravens	/wiki/Su%27a_Cravens	['1900', '1950']
Scott Crichton	/wiki/Scott_Crichton_(American_football)	['1900', '1950']
Hershel Dennis	/wiki/Hershel_Dennis	['1900', '1950']
Pita Elisara	/wiki/Pita_Elisara	['1900', '1950']
Luther Elliss	/wiki/Luther_Elliss	['1900', '1950']
Justin Ena	/wiki/Justin_Ena	['1900', '1950']
DeQuin Evans	/wiki/DeQuin_Evans	['1900', '1950']
Nuu Faaola	/wiki/Nuu_Faaola	['1900', '1950']
Jonathan Fanene	/wiki/Jonathan_Fanene	['1900', '1950']
Ta'ase Faumui	/wiki/Ta%27ase_Faumui	['1900', '1950']
Wilson Faumuina	/wiki/Wilson_Faumuina	['1900', '1950']
Eletise Fiatoa	/wiki/Eletise_Fiatoa	['1900', '1950']
Malcom Floyd	/wiki/Malcom_Floyd	['1900', '1950']
Fou Fonoti	/wiki/Fou_Fonoti	['1900', '1950']
Toniu Fonoti	/wiki/Toniu_Fonoti	['1900', '1950']
Chris Fuamatu-Maʻafala	/wiki/Chris_Fuamatu-Ma%CA%BBafala	['1900', '1950']
Setema Gali	/wiki/Setema_Gali	['1900', '1950']
Randall Goforth	/wiki/Randall_Goforth	['1900', '1950']
Wayne Hunter	/wiki/Wayne_Hunter	['1900', '1950']
Nate Ilaoa	/wiki/Nate_Ilaoa	['1900', '1950']
Junior Ioane	/wiki/Junior_Ioane	['1900', '1950']
Joey Iosefa	/wiki/Joey_Iosefa	['1900', '1950']
Sale Isaia	/wiki/Sale_Isaia	['1900', '1950']
Mike Iupati	/wiki/Mike_Iupati	['1900', '1950']
Senio Kelemete	/wiki/Senio_Kelemete	['1900', '1950']
Pat Kesi	/wiki/Pat_Kesi	['1900', '1950']
Hau'oli Kikaha	/wiki/Hau%27oli_Kikaha	['1900', '1950']
Glen Kozlowski	/wiki/Glen_Kozlowski	['1900', '1950']
Mike Kozlowski	/wiki/Mike_Kozlowski	['1900', '1950']
Jake Kuresa	/wiki/Jake_Kuresa	['1900', '1950']
Shawn Lauvao	/wiki/Shawn_Lauvao	['1900', '1950']
Dave Lefotu	/wiki/Dave_Lefotu	['1900', '1950']
Kili Lefotu	/wiki/Kili_Lefotu	['1900', '1950']
Sefo Liufau	/wiki/Sefo_Liufau	['1900', '1950']
Joe Lobendahn	/wiki/Joe_Lobendahn	['1900', '1950']
Al Lolotai	/wiki/Al_Lolotai	['1900', '1950']
Shalom Luani	/wiki/Shalom_Luani	['1900', '1950']
Frankie Luvu	/wiki/Frankie_Luvu	['1900', '1950']
Palauni Ma Sun	/wiki/Palauni_Ma_Sun	['1900', '1950']
Malaefou MacKenzie	/wiki/Malaefou_MacKenzie	['1900', '1950']
Kaluka Maiava	/wiki/Kaluka_Maiava	['1900', '1950']
Jordan Mailata	/wiki/Jordan_Mailata	['1900', '1950']
Damien Mama	/wiki/Damien_Mama	['1900', '1950']
Frank Manumaleuga	/wiki/Frank_Manumaleuga	['1900', '1950']
Brandon Manumaleuna	/wiki/Brandon_Manumaleuna	['1900', '1950']
Vince Manuwai	/wiki/Vince_Manuwai	['1900', '1950']
Marcus Mariota	/wiki/Marcus_Mariota	['1900', '1950']
Jeremiah Masoli	/wiki/Jeremiah_Masoli	['1900', '1950']
Hercules Mata'afa	/wiki/Hercules_Mata%27afa	['1900', '1950']
Fred Matua	/wiki/Fred_Matua	['1900', '1950']
Rey Maualuga	/wiki/Rey_Maualuga	['1900', '1950']
Josh Mauga	/wiki/Josh_Mauga	['1900', '1950']
Reagan Maui'a	/wiki/Reagan_Maui%27a	['1900', '1950']
Itula Mili	/wiki/Itula_Mili	['1900', '1950']
Roy Miller	/wiki/Roy_Miller_(American_football)	['1900', '1950']
Trevor Misipeka	/wiki/Trevor_Misipeka	['1900', '1950']
Edwin Mulitalo	/wiki/Edwin_Mulitalo	['1900', '1950']
Louis Murphy	/wiki/Louis_Murphy	['1900', '1950']
Kai Nacua	/wiki/Kai_Nacua	['1900', '1950']
Jim Nicholson	/wiki/Jim_Nicholson_(American_football)	['1900', '1950']
Ken Niumatalolo	/wiki/Ken_Niumatalolo	['1900', '1950']
Al Noga	/wiki/Al_Noga	['1900', '1950']
Niko Noga	/wiki/Niko_Noga	['1900', '1950']
Shaun Nua	/wiki/Shaun_Nua	['1900', '1950']
Joe Onosai	/wiki/Joe_Onosai	['1900', '1950']
Nate Orchard	/wiki/Nate_Orchard	['1900', '1950']
Lonnie Palelei	/wiki/Lonnie_Palelei	['1900', '1950']
Anton Palepoi	/wiki/Anton_Palepoi	['1900', '1950']
Tenny Palepoi	/wiki/Tenny_Palepoi	['1900', '1950']
Joe Paopao	/wiki/Joe_Paopao	['1900', '1950']
David Parry	/wiki/David_Parry_(American_football)	['1900', '1950']
Saul Patu	/wiki/Saul_Patu	['1900', '1950']
Domata Peko	/wiki/Domata_Peko	['1900', '1950']
Kyle Peko	/wiki/Kyle_Peko	['1900', '1950']
Tupe Peko	/wiki/Tupe_Peko	['1900', '1950']
Leonard Peters	/wiki/Leonard_Peters	['1900', '1950']
Ropati Pitoitua	/wiki/Ropati_Pitoitua	['1900', '1950']
Kennedy Polamalu	/wiki/Kennedy_Polamalu	['1900', '1950']
Troy Polamalu	/wiki/Troy_Polamalu	['1900', '1950']
Jeremiah Poutasi	/wiki/Jeremiah_Poutasi	['1900', '1950']
Tavita Pritchard	/wiki/Tavita_Pritchard	['1900', '1950']
Roman Pritt	/wiki/Roman_Pritt	['1900', '1950']
Mike Purcell	/wiki/Mike_Purcell	['1900', '1950']
Gabe Reid	/wiki/Gabe_Reid	['1900', '1950']
Jason Rivers	/wiki/Jason_Rivers_(American_football)	['1900', '1950']
Pio Sagapolutele	/wiki/Pio_Sagapolutele	['1900', '1950']
Blaine Saipaia	/wiki/Blaine_Saipaia	['1900', '1950']
Joe Salave'a	/wiki/Joe_Salave%27a	['1900', '1950']
Dan Saleaumua	/wiki/Dan_Saleaumua	['1900', '1950']
Lauvale Sape	/wiki/Lauvale_Sape	['1900', '1950']
Jesse Sapolu	/wiki/Jesse_Sapolu	['1900', '1950']
Don Sasa	/wiki/Don_Sasa	['1900', '1950']
Brashton Satele	/wiki/Brashton_Satele	['1900', '1950']
Samson Satele	/wiki/Samson_Satele	['1900', '1950']
Brian Schwenke	/wiki/Brian_Schwenke	['1900', '1950']
Kona Schwenke	/wiki/Kona_Schwenke	['1900', '1950']
Ian Seau	/wiki/Ian_Seau	['1900', '1950']
Junior Seau	/wiki/Junior_Seau	['1900', '1950']
Mike Sellers	/wiki/Mike_Sellers	['1900', '1950']
Isaac Seumalo	/wiki/Isaac_Seumalo	['1900', '1950']
Danny Shelton	/wiki/Danny_Shelton	['1900', '1950']
Junior Siavii	/wiki/Junior_Siavii	['1900', '1950']
Sealver Siliga	/wiki/Sealver_Siliga	['1900', '1950']
Mana Silva	/wiki/Mana_Silva	['1900', '1950']
JuJu Smith-Schuster	/wiki/JuJu_Smith-Schuster	['1900', '1950']
Brian Soi	/wiki/Brian_Soi	['1900', '1950']
Paul Soliai	/wiki/Paul_Soliai	['1900', '1950']
Vic So'oto	/wiki/Vic_So%27oto	['1900', '1950']
Xavier Su'a-Filo	/wiki/Xavier_Su%27a-Filo	['1900', '1950']
Nicky Sualua	/wiki/Nicky_Sualua	['1900', '1950']
Frank Summers	/wiki/Frank_Summers	['1900', '1950']
Alameda Ta'amu	/wiki/Alameda_Ta%27amu	['1900', '1950']
Ed Taʻamu	/wiki/Ed_Ta%CA%BBamu	['1900', '1950']
Jordan Ta'amu	/wiki/Jordan_Ta%27amu	['1900', '1950']
Nu'u Tafisi	/wiki/Nu%27u_Tafisi	['1900', '1950']
Tua Tagovailoa	/wiki/Tua_Tagovailoa	['1900', '1950']
Maa Tanuvasa	/wiki/Maa_Tanuvasa	['1900', '1950']
Lofa Tatupu	/wiki/Lofa_Tatupu	['1900', '1950']
Mosi Tatupu	/wiki/Mosi_Tatupu	['1900', '1950']
Vai Taua	/wiki/Vai_Taua	['1900', '1950']
Will Taʻufoʻou	/wiki/Will_Ta%CA%BBufo%CA%BBou	['1900', '1950']
Junior Tautalatasi	/wiki/Junior_Tautalatasi	['1900', '1950']
Terry Tautolo	/wiki/Terry_Tautolo	['1900', '1950']
Sae Tautu	/wiki/Sae_Tautu	['1900', '1950']
J. R. Tavai	/wiki/J._R._Tavai	['1900', '1950']
Daniel Te'o-Nesheim	/wiki/Daniel_Te%27o-Nesheim	['1900', '1950']
Manti Te'o	/wiki/Manti_Te%27o	['1900', '1950']
Martin Tevaseu	/wiki/Martin_Tevaseu	['1900', '1950']
Jack Thompson	/wiki/Jack_Thompson_(American_football)	['1900', '1950']
D.J. Tialavea	/wiki/D.J._Tialavea	['1900', '1950']
John Timu	/wiki/John_Timu_(American_football)	['1900', '1950']
Pisa Tinoisamoa	/wiki/Pisa_Tinoisamoa	['1900', '1950']
Albert Toeaina	/wiki/Albert_Toeaina	['1900', '1950']
Matt Toeaina	/wiki/Matt_Toeaina	['1900', '1950']
Pago Togafau	/wiki/Pago_Togafau	['1900', '1950']
Levine Toilolo	/wiki/Levine_Toilolo	['1900', '1950']
Mao Tosi	/wiki/Mao_Tosi	['1900', '1950']
Charles Tuaau	/wiki/Charles_Tuaau	['1900', '1950']
Esera Tuaolo	/wiki/Esera_Tuaolo	['1900', '1950']
Natu Tuatagaloa	/wiki/Natu_Tuatagaloa	['1900', '1950']
Manu Tuiasosopo	/wiki/Manu_Tuiasosopo	['1900', '1950']
Marques Tuiasosopo	/wiki/Marques_Tuiasosopo	['1900', '1950']
Lavasier Tuinei	/wiki/Lavasier_Tuinei	['1900', '1950']
Mark Tuinei	/wiki/Mark_Tuinei	['1900', '1950']
Van Tuinei	/wiki/Van_Tuinei	['1900', '1950']
Joe Tuipala	/wiki/Joe_Tuipala	['1900', '1950']
Willie Tuitama	/wiki/Willie_Tuitama	['1900', '1950']
Maugaula Tuitele	/wiki/Maugaula_Tuitele	['1900', '1950']
Mike Ulufale	/wiki/Mike_Ulufale	['1900', '1950']
Morris Unutoa	/wiki/Morris_Unutoa	['1900', '1950']
Tuufuli Uperesa	/wiki/Tuufuli_Uperesa	['1900', '1950']
Destiny Vaeao	/wiki/Destiny_Vaeao	['1900', '1950']
Jeremiah Valoaga	/wiki/Jeremiah_Valoaga	['1900', '1950']
Lenny Vandermade	/wiki/Lenny_Vandermade	['1900', '1950']
Larry Warford	/wiki/Larry_Warford	['1900', '1950']
Albert Wilson	/wiki/Albert_Wilson_(American_football)	['1900', '1950']
Benny Agbayani	/wiki/Benny_Agbayani	['1900', '1950']
Chris Aguila	/wiki/Chris_Aguila	['1900', '1950']
Mike Fetters	/wiki/Mike_Fetters	['1900', '1950']
Jacob Hannemann	/wiki/Jacob_Hannemann	['1900', '1950']
Isiah Kiner-Falefa	/wiki/Isiah_Kiner-Falefa	['1900', '1950']
Sean Manaea	/wiki/Sean_Manaea	['1900', '1950']
Tony Solaita	/wiki/Tony_Solaita	['1900', '1950']
Matt Tuiasosopo	/wiki/Matt_Tuiasosopo	['1900', '1950']
Rashaun Broadus	/wiki/Rashaun_Broadus	['1900', '1950']
Shea Ili	/wiki/Shea_Ili	['1900', '1950']
James Johnson	/wiki/James_Johnson_(basketball,_born_1987)	['1900', '1950']
Bubba Lau'ese	/wiki/Bubba_Lau%27ese	['1900', '1950']
Naomi Mulitauaopele	/wiki/Naomi_Mulitauaopele	['1900', '1950']
Dion Prewster	/wiki/Dion_Prewster	['1900', '1950']
Kalani Purcell	/wiki/Kalani_Purcell	['1900', '1950']
Charmian Mellars	/wiki/Charmian_Mellars	['1900', '1950']
Natalie Taylor	/wiki/Natalie_Taylor	['1900', '1950']
Wally Rank	/wiki/Wally_Rank	['1900', '1950']
Peyton Siva	/wiki/Peyton_Siva	['1900', '1950']
Mekeli Wesley	/wiki/Mekeli_Wesley	['1900', '1950']
Wendell White	/wiki/Wendell_White_(basketball)	['1900', '1950']
Monty Betham	/wiki/Monty_Betham	['1900', '1950']
Monty Betham	/wiki/Monty_Betham_(boxer)	['1900', '1950']
Richard Betham	/wiki/Richard_Betham	['1900', '1950']
Herman Ene-Purcell	/wiki/Herman_Ene-Purcell	['1900', '1950']
Emerio Fainuulua	/wiki/Emerio_Fainuulua	['1900', '1950']
Lio Falaniko	/wiki/Lio_Falaniko	['1900', '1950']
Sililo Figota	/wiki/Sililo_Figota	['1900', '1950']
Polataivao Fosi	/wiki/Polataivao_Fosi	['1900', '1950']
Warren Fuavailili	/wiki/Warren_Fuavailili	['1900', '1950']
Bob Gasio	/wiki/Bob_Gasio	['1900', '1950']
Alex Leapai	/wiki/Alex_Leapai	['1900', '1950']
David Letele	/wiki/David_Letele	['1900', '1950']
Togasilimai Letoa	/wiki/Togasilimai_Letoa	['1900', '1950']
Patrick Mailata	/wiki/Patrick_Mailata	['1900', '1950']
Maselino Masoe	/wiki/Maselino_Masoe	['1900', '1950']
Mika Masoe	/wiki/Mika_Masoe	['1900', '1950']
Alrie Meleisea	/wiki/Alrie_Meleisea	['1900', '1950']
Baby Nansen	/wiki/Baby_Nansen	['1900', '1950']
Jai Opetaia	/wiki/Jai_Opetaia	['1900', '1950']
John Parker	/wiki/John_Parker_(boxer)	['1900', '1950']
Joseph Parker	/wiki/Joseph_Parker_(boxer)	['1900', '1950']
Tuna Scanlan	/wiki/Tuna_Scanlan	['1900', '1950']
Ray Sefo	/wiki/Ray_Sefo	['1900', '1950']
Vaitele Soi	/wiki/Vaitele_Soi	['1900', '1950']
Jason Suttie	/wiki/Jason_Suttie	['1900', '1950']
Apollo Sweet	/wiki/Apollo_Sweet	['1900', '1950']
Lawrence Tauasa	/wiki/Lawrence_Tauasa	['1900', '1950']
Satupaitea Farani Tavui	/wiki/Satupaitea_Farani_Tavui	['1900', '1950']
Jimmy Thunder	/wiki/Jimmy_Thunder	['1900', '1950']
David Tua	/wiki/David_Tua	['1900', '1950']
Maselino Tuifao	/wiki/Maselino_Tuifao	['1900', '1950']
Kailin Curran	/wiki/Kailin_Curran	['1900', '1950']
Genah Fabian	/wiki/Genah_Fabian	['1900', '1950']
Andre Fili	/wiki/Andre_Fili	['1900', '1950']
Kendall Grove	/wiki/Kendall_Grove	['1900', '1950']
Max Holloway	/wiki/Max_Holloway	['1900', '1950']
Mark Hunt	/wiki/Mark_Hunt	['1900', '1950']
Lolohea Mahe	/wiki/Lolohea_Mahe	['1900', '1950']
Raquel Pa'aluhi	/wiki/Raquel_Pa%27aluhi	['1900', '1950']
Tyson Pedro	/wiki/Tyson_Pedro	['1900', '1950']
Eric Pele	/wiki/Eric_Pele	['1900', '1950']
Mighty Mo	/wiki/Mighty_Mo_(kickboxer)	['1900', '1950']
Tai Tuivasa	/wiki/Tai_Tuivasa	['1900', '1950']
Falaniko Vitale	/wiki/Falaniko_Vitale	['1900', '1950']
Robert Whittaker	/wiki/Robert_Whittaker_(fighter)	['1900', '1950']
Sheryl Scanlan	/wiki/Sheryl_Scanlan	['1900', '1950']
Rita Fatialofa-Paloto	/wiki/Rita_Fatialofa-Paloto	['1900', '1950']
Paula Griffin	/wiki/Paula_Griffin	['1900', '1950']
April Ieremia	/wiki/April_Ieremia	['1900', '1950']
Bernice Mene	/wiki/Bernice_Mene	['1900', '1950']
Julianna Naoupu	/wiki/Julianna_Naoupu	['1900', '1950']
Rachel Rasmussen	/wiki/Rachel_Rasmussen	['1900', '1950']
Grace Kara	/wiki/Grace_Kara	['1900', '1950']
Frances Solia	/wiki/Frances_Solia	['1900', '1950']
Lorna Suafoa	/wiki/Lorna_Suafoa	['1900', '1950']
Maria Folau	/wiki/Maria_Folau	['1900', '1950']
Linda Vagana	/wiki/Linda_Vagana	['1900', '1950']
Afa Anoaʻi	/wiki/Afa_Anoa%CA%BBi	['1900', '1950']
Afa Anoaʻi Jr.	/wiki/Afa_Anoa%CA%BBi_Jr.	['1900', '1950']
Roman Reigns	/wiki/Roman_Reigns	['1900', '1950']
Lloyd Anoaʻi	/wiki/Lloyd_Anoa%CA%BBi	['1900', '1950']
Rosey	/wiki/Rosey_(wrestler)	['1900', '1950']
Yokozuna	/wiki/Yokozuna_(wrestler)	['1900', '1950']
Samu	/wiki/Samu_(wrestler)	['1900', '1950']
Sika Anoaʻi	/wiki/Sika_Anoa%CA%BBi	['1900', '1950']
Dakota Kai	/wiki/Dakota_Kai	['1900', '1950']
Emily Dole	/wiki/Emily_Dole	['1900', '1950']
Cocoa Samoa	/wiki/Cocoa_Samoa	['1900', '1950']
Nia Jax	/wiki/Nia_Jax	['1900', '1950']
Umaga	/wiki/Umaga_(wrestler)	['1900', '1950']
The Usos	/wiki/The_Usos	['1900', '1950']
The Usos	/wiki/The_Usos	['1900', '1950']
Sam Fatu	/wiki/Sam_Fatu	['1900', '1950']
Rikishi	/wiki/Rikishi_(wrestler)	['1900', '1950']
Dwayne Johnson	/wiki/Dwayne_Johnson	['1900', '1950']
Vanessa Borne	/wiki/Vanessa_Borne	['1900', '1950']
Neff Maiava	/wiki/Neff_Maiava	['1900', '1950']
Peter Maivia	/wiki/Peter_Maivia	['1900', '1950']
Lia Maivia	/wiki/Lia_Maivia	['1900', '1950']
Sean Maluta	/wiki/Sean_Maluta	['1900', '1950']
Samoa Joe	/wiki/Samoa_Joe	['1900', '1950']
Sonny Siaki	/wiki/Sonny_Siaki	['1900', '1950']
Deuce	/wiki/Deuce_(wrestler)	['1900', '1950']
Tamina Snuka	/wiki/Tamina_Snuka	['1900', '1950']
Siva Afi	/wiki/Siva_Afi	['1900', '1950']
Brad Abbey	/wiki/Brad_Abbey	['1900', '1950']
Failaga Afamasaga	/wiki/Failaga_Afamasaga	['1900', '1950']
Jack Afamasaga	/wiki/Jack_Afamasaga	['1900', '1950']
Viliamu Afatia	/wiki/Viliamu_Afatia	['1900', '1950']
Vavao Afemai	/wiki/Vavao_Afemai	['1900', '1950']
Bunty Afoa	/wiki/Bunty_Afoa	['1900', '1950']
Fa'ausu Afoa	/wiki/Fa%27ausu_Afoa	['1900', '1950']
John Afoa	/wiki/John_Afoa	['1900', '1950']
Fred Ah Kuoi	/wiki/Fred_Ah_Kuoi	['1900', '1950']
John Ah Kuoi	/wiki/John_Ah_Kuoi	['1900', '1950']
Isaak Ah Mau	/wiki/Isaak_Ah_Mau	['1900', '1950']
Leeson Ah Mau	/wiki/Leeson_Ah_Mau	['1900', '1950']
Cruze Ah-Nau	/wiki/Cruze_Ah-Nau	['1900', '1950']
Patrick Ah Van	/wiki/Patrick_Ah_Van	['1900', '1950']
Nigel Ah Wong	/wiki/Nigel_Ah_Wong	['1900', '1950']
Rodney Ah You	/wiki/Rodney_Ah_You	['1900', '1950']
Pita Ahki	/wiki/Pita_Ahki	['1900', '1950']
Andrew Aiolupo	/wiki/Andrew_Aiolupo	['1900', '1950']
Bundee Aki	/wiki/Bundee_Aki	['1900', '1950']
Allan Alaalatoa	/wiki/Allan_Alaalatoa	['1900', '1950']
Harlan Alaalatoa	/wiki/Harlan_Alaalatoa	['1900', '1950']
Michael Alaalatoa	/wiki/Michael_Alaalatoa	['1900', '1950']
Vili Alaalatoa	/wiki/Vili_Alaalatoa	['1900', '1950']
Solomon Alaimalo	/wiki/Solomon_Alaimalo	['1900', '1950']
Brian Alainu'uese	/wiki/Brian_Alainu%27uese	['1900', '1950']
AJ Alatimu	/wiki/AJ_Alatimu	['1900', '1950']
Robbie Ale	/wiki/Robbie_Ale	['1900', '1950']
Paul Alo-Emile	/wiki/Paul_Alo-Emile	['1900', '1950']
Alofa Alofa	/wiki/Alofa_Alofa	['1900', '1950']
Josh Aloiai	/wiki/Josh_Aloiai	['1900', '1950']
Albert Anae	/wiki/Albert_Anae	['1900', '1950']
Sosene Anesi	/wiki/Sosene_Anesi	['1900', '1950']
Polo Asi	/wiki/Polo_Asi	['1900', '1950']
John Asiata	/wiki/John_Asiata	['1900', '1950']
Nelson Asofa-Solomona	/wiki/Nelson_Asofa-Solomona	['1900', '1950']
Roy Asotasi	/wiki/Roy_Asotasi	['1900', '1950']
Ben Atiga	/wiki/Ben_Atiga	['1900', '1950']
Uini Atonio	/wiki/Uini_Atonio	['1900', '1950']
Fotunuupule Auelua	/wiki/Fotunuupule_Auelua	['1900', '1950']
Asafo Aumua	/wiki/Asafo_Aumua	['1900', '1950']
Fa'atoina Autagavaia	/wiki/Fa%27atoina_Autagavaia	['1900', '1950']
Kirisome Auva'a	/wiki/Kirisome_Auva%27a	['1900', '1950']
Ole Avei	/wiki/Ole_Avei	['1900', '1950']
Graeme Bachop	/wiki/Graeme_Bachop	['1900', '1950']
Stephen Bachop	/wiki/Stephen_Bachop	['1900', '1950']
Andreas Bauer	/wiki/Andreas_Bauer_(rugby_league)	['1900', '1950']
Andrew Bentley	/wiki/Andrew_Bentley	['1900', '1950']
Kane Bentley	/wiki/Kane_Bentley	['1900', '1950']
Peter Betham	/wiki/Peter_Betham	['1900', '1950']
Mark Birtwistle	/wiki/Mark_Birtwistle	['1900', '1950']
Dean Blore	/wiki/Dean_Blore	['1900', '1950']
Andrew Blowers	/wiki/Andrew_Blowers	['1900', '1950']
Brandon Boor	/wiki/Brandon_Boor	['1900', '1950']
Donald Brighouse	/wiki/Donald_Brighouse	['1900', '1950']
Dylan Brown	/wiki/Dylan_Brown	['1900', '1950']
Fa'amanu Brown	/wiki/Fa%27amanu_Brown	['1900', '1950']
Olo Brown	/wiki/Olo_Brown	['1900', '1950']
Willie Brown	/wiki/Willie_Brown_(rugby_league)	['1900', '1950']
Frank Bunce	/wiki/Frank_Bunce	['1900', '1950']
George Carmont	/wiki/George_Carmont	['1900', '1950']
Michael Chee Kam	/wiki/Michael_Chee_Kam	['1900', '1950']
Erin Clark	/wiki/Erin_Clark	['1900', '1950']
Caleb Clarke	/wiki/Caleb_Clarke_(rugby_union)	['1900', '1950']
Eroni Clarke	/wiki/Eroni_Clarke	['1900', '1950']
John Clarke	/wiki/John_Clarke_(rugby_player)	['1900', '1950']
Jerry Collins	/wiki/Jerry_Collins	['1900', '1950']
Garrick Cowley	/wiki/Garrick_Cowley	['1900', '1950']
Pele Cowley	/wiki/Pele_Cowley	['1900', '1950']
Christian Crichton	/wiki/Christian_Crichton	['1900', '1950']
Loki Crichton	/wiki/Loki_Crichton	['1900', '1950']
Stephen Crichton	/wiki/Stephen_Crichton	['1900', '1950']
Christian Cullen	/wiki/Christian_Cullen	['1900', '1950']
Oscar Danielson	/wiki/Oscar_Danielson	['1900', '1950']
Matt Duffie	/wiki/Matt_Duffie	['1900', '1950']
Elia Elia	/wiki/Elia_Elia	['1900', '1950']
Mark Elia	/wiki/Mark_Elia	['1900', '1950']
Alex Elisala	/wiki/Alex_Elisala	['1900', '1950']
Ere Enari	/wiki/Ere_Enari	['1900', '1950']
Kane Epati	/wiki/Kane_Epati	['1900', '1950']
Herman Ese'ese	/wiki/Herman_Ese%27ese	['1900', '1950']
Tiffany Fa’ae’e	/wiki/Tiffany_Fa%E2%80%99ae%E2%80%99e	['1900', '1950']
Henry Fa'afili	/wiki/Henry_Fa%27afili	['1900', '1950']
Sef Fa'agase	/wiki/Sef_Fa%27agase	['1900', '1950']
David Fa'alogo	/wiki/David_Fa%27alogo	['1900', '1950']
Tupo Fa'amasino	/wiki/Tupo_Fa%27amasino	['1900', '1950']
Fiao'o Fa'amausili	/wiki/Fiao%27o_Fa%27amausili	['1900', '1950']
Poasa Faamausili	/wiki/Poasa_Faamausili	['1900', '1950']
Piula Faʻasalele	/wiki/Piula_Fa%CA%BBasalele	['1900', '1950']
Maurie Fa'asavalu	/wiki/Maurie_Fa%27asavalu	['1900', '1950']
So'otala Fa'aso'o	/wiki/So%27otala_Fa%27aso%27o	['1900', '1950']
Lome Fa'atau	/wiki/Lome_Fa%27atau	['1900', '1950']
Leo Faaeteete	/wiki/Leo_Faaeteete	['1900', '1950']
George Fai	/wiki/George_Fai	['1900', '1950']
Sonny Fai	/wiki/Sonny_Fai	['1900', '1950']
TJ Faiane	/wiki/TJ_Faiane	['1900', '1950']
Kalifa Faifai Loa	/wiki/Kalifa_Faifai_Loa	['1900', '1950']
Esene Faimalo	/wiki/Esene_Faimalo	['1900', '1950']
Raymond Faitala-Mariner	/wiki/Raymond_Faitala-Mariner	['1900', '1950']
David Faiumu	/wiki/David_Faiumu	['1900', '1950']
Kepi Faiva'ai	/wiki/Kepi_Faiva%27ai	['1900', '1950']
Max Fala	/wiki/Max_Fala	['1900', '1950']
Terry Fanolua	/wiki/Terry_Fanolua	['1900', '1950']
Ron Fanuatanu	/wiki/Ron_Fanuatanu	['1900', '1950']
Alafoti Fa'osiliva	/wiki/Alafoti_Fa%27osiliva	['1900', '1950']
Bureta Faraimo	/wiki/Bureta_Faraimo	['1900', '1950']
David Fatialofa	/wiki/David_Fatialofa	['1900', '1950']
Peter Fatialofa	/wiki/Peter_Fatialofa	['1900', '1950']
Charlie Faumuina	/wiki/Charlie_Faumuina	['1900', '1950']
Sione Faumuina	/wiki/Sione_Faumuina	['1900', '1950']
Chris Feauai-Sautia	/wiki/Chris_Feauai-Sautia	['1900', '1950']
Dominic Fe'aunati	/wiki/Dominic_Fe%27aunati	['1900', '1950']
Isaac Fe'aunati	/wiki/Isaac_Fe%27aunati	['1900', '1950']
JJ Felise	/wiki/JJ_Felise	['1900', '1950']
Maika Felise	/wiki/Maika_Felise	['1900', '1950']
Daniel Fepuleai	/wiki/Daniel_Fepuleai	['1900', '1950']
Vincent Fepulea'i	/wiki/Vincent_Fepulea%27i	['1900', '1950']
Fa'atonu Fili	/wiki/Fa%27atonu_Fili	['1900', '1950']
Karl Filiga	/wiki/Karl_Filiga	['1900', '1950']
Olsen Filipaina	/wiki/Olsen_Filipaina	['1900', '1950']
Marvin Filipo	/wiki/Marvin_Filipo	['1900', '1950']
Ross Filipo	/wiki/Ross_Filipo	['1900', '1950']
Nic Fitisemanu	/wiki/Nic_Fitisemanu	['1900', '1950']
Theresa Fitzpatrick	/wiki/Theresa_Fitzpatrick	['1900', '1950']
Greg Foe	/wiki/Greg_Foe	['1900', '1950']
DJ Forbes	/wiki/DJ_Forbes	['1900', '1950']
Kahn Fotuali'i	/wiki/Kahn_Fotuali%27i	['1900', '1950']
Robbie Fruean	/wiki/Robbie_Fruean	['1900', '1950']
Steve Fualau	/wiki/Steve_Fualau	['1900', '1950']
Tani Fuga	/wiki/Tani_Fuga	['1900', '1950']
Tyrell Fuimaono	/wiki/Tyrell_Fuimaono	['1900', '1950']
Eliota Fuimaono-Sapolu	/wiki/Eliota_Fuimaono-Sapolu	['1900', '1950']
Beau Gallagher	/wiki/Beau_Gallagher	['1900', '1950']
Joe Galuvao	/wiki/Joe_Galuvao	['1900', '1950']
Jackson Garden-Bachop	/wiki/Jackson_Garden-Bachop	['1900', '1950']
James Gavet	/wiki/James_Gavet	['1900', '1950']
Simon Geros	/wiki/Simon_Geros	['1900', '1950']
Craig Glendinning	/wiki/Craig_Glendinning	['1900', '1950']
Pita Godinet	/wiki/Pita_Godinet	['1900', '1950']
Payne Haas	/wiki/Payne_Haas	['1900', '1950']
Harrison Hansen	/wiki/Harrison_Hansen	['1900', '1950']
George Harder	/wiki/George_Harder	['1900', '1950']
Jamie Helleur	/wiki/Jamie_Helleur	['1900', '1950']
Roman Hifo	/wiki/Roman_Hifo	['1900', '1950']
Carl Hoeft	/wiki/Carl_Hoeft	['1900', '1950']
Phoenix Hunapo-Nofoa	/wiki/Phoenix_Hunapo-Nofoa	['1900', '1950']
Hymel Hunt	/wiki/Hymel_Hunt	['1900', '1950']
Karmichael Hunt	/wiki/Karmichael_Hunt	['1900', '1950']
Royce Hunt	/wiki/Royce_Hunt	['1900', '1950']
Jordan Hyland	/wiki/Jordan_Hyland	['1900', '1950']
Alama Ieremia	/wiki/Alama_Ieremia	['1900', '1950']
Stacey Ili	/wiki/Stacey_Ili	['1900', '1950']
Krisnan Inu	/wiki/Krisnan_Inu	['1900', '1950']
Akira Ioane	/wiki/Akira_Ioane	['1900', '1950']
Digby Ioane	/wiki/Digby_Ioane	['1900', '1950']
Eddie Ioane	/wiki/Eddie_Ioane	['1900', '1950']
Josh Ioane	/wiki/Josh_Ioane	['1900', '1950']
Mark Ioane	/wiki/Mark_Ioane	['1900', '1950']
Rieko Ioane	/wiki/Rieko_Ioane	['1900', '1950']
TJ Ioane	/wiki/TJ_Ioane	['1900', '1950']
Iopu Iopu-Aso	/wiki/Iopu_Iopu-Aso	['1900', '1950']
Masada Iosefa	/wiki/Masada_Iosefa	['1900', '1950']
Willie Isa	/wiki/Willie_Isa	['1900', '1950']
Jamayne Isaako	/wiki/Jamayne_Isaako	['1900', '1950']
Malaki Iupeli	/wiki/Malaki_Iupeli	['1900', '1950']
Census Johnston	/wiki/Census_Johnston	['1900', '1950']
James Johnston	/wiki/James_Johnston_(rugby_union)	['1900', '1950']
Michael Jones	/wiki/Michael_Jones_(rugby_union)	['1900', '1950']
Jerome Kaino	/wiki/Jerome_Kaino	['1900', '1950']
Danny Kaleopa	/wiki/Danny_Kaleopa	['1900', '1950']
Sam Kaleta	/wiki/Sam_Kaleta	['1900', '1950']
Sam Kasiano	/wiki/Sam_Kasiano	['1900', '1950']
Mat Keenan	/wiki/Mat_Keenan	['1900', '1950']
Darren Kellett	/wiki/Darren_Kellett	['1900', '1950']
Richard Kennar	/wiki/Richard_Kennar	['1900', '1950']
Milford Keresoma	/wiki/Milford_Keresoma	['1900', '1950']
Lolani Koko	/wiki/Lolani_Koko	['1900', '1950']
Vae Kololo	/wiki/Vae_Kololo	['1900', '1950']
Tony Koonwaiyou	/wiki/Tony_Koonwaiyou	['1900', '1950']
Josh Kronfeld	/wiki/Josh_Kronfeld	['1900', '1950']
Timothy Lafaele	/wiki/Timothy_Lafaele	['1900', '1950']
Tim Lafai	/wiki/Tim_Lafai	['1900', '1950']
Leo Lafaiali'i	/wiki/Leo_Lafaiali%27i	['1900', '1950']
Shane Laloata	/wiki/Shane_Laloata	['1900', '1950']
Junior Laloifi	/wiki/Junior_Laloifi	['1900', '1950']
Ben Lam	/wiki/Ben_Lam	['1900', '1950']
Jack Lam	/wiki/Jack_Lam	['1900', '1950']
Pat Lam	/wiki/Pat_Lam	['1900', '1950']
George Latu	/wiki/George_Latu	['1900', '1950']
Ali Lauiti'iti	/wiki/Ali_Lauiti%27iti	['1900', '1950']
Casey Laulala	/wiki/Casey_Laulala	['1900', '1950']
Luteru Laulala	/wiki/Luteru_Laulala	['1900', '1950']
Nepo Laulala	/wiki/Nepo_Laulala	['1900', '1950']
Brian Laumatia	/wiki/Brian_Laumatia	['1900', '1950']
Quentin Laulu-Togaga'e	/wiki/Quentin_Laulu-Togaga%27e	['1900', '1950']
Tasesa Lavea	/wiki/Tasesa_Lavea	['1900', '1950']
Jordan Lay	/wiki/Jordan_Lay	['1900', '1950']
Silao Leaega	/wiki/Silao_Leaega	['1900', '1950']
Charlie Leaeno	/wiki/Charlie_Leaeno	['1900', '1950']
Mark Leafa	/wiki/Mark_Leafa	['1900', '1950']
Patrick Leafa	/wiki/Patrick_Leafa	['1900', '1950']
Kas Lealamanua	/wiki/Kas_Lealamanua	['1900', '1950']
Christian Lealiifano	/wiki/Christian_Lealiifano	['1900', '1950']
Brian Leauma	/wiki/Brian_Leauma	['1900', '1950']
George Leaupepe	/wiki/George_Leaupepe	['1900', '1950']
Potu Leavasa	/wiki/Potu_Leavasa	['1900', '1950']
Fritz Lee	/wiki/Fritz_Lee	['1900', '1950']
Valdemar Lee-Lo	/wiki/Valdemar_Lee-Lo	['1900', '1950']
Tala Leiasamaivao	/wiki/Tala_Leiasamaivao	['1900', '1950']
Joseph Leilua	/wiki/Joseph_Leilua	['1900', '1950']
Luciano Leilua	/wiki/Luciano_Leilua	['1900', '1950']
Alapati Leiua	/wiki/Alapati_Leiua	['1900', '1950']
Na'ama Leleimalefaga	/wiki/Na%27ama_Leleimalefaga	['1900', '1950']
Fa'atiga Lemalu	/wiki/Fa%27atiga_Lemalu	['1900', '1950']
Simon Lemalu	/wiki/Simon_Lemalu	['1900', '1950']
Saini Lemamea	/wiki/Saini_Lemamea	['1900', '1950']
David Lemi	/wiki/David_Lemi	['1900', '1950']
Spencer Leniu	/wiki/Spencer_Leniu	['1900', '1950']
Daniel Leo	/wiki/Daniel_Leo	['1900', '1950']
Johnny Leota	/wiki/Johnny_Leota	['1900', '1950']
Moses Leota	/wiki/Moses_Leota	['1900', '1950']
Trevor Leota	/wiki/Trevor_Leota	['1900', '1950']
Jeff Lepa	/wiki/Jeff_Lepa	['1900', '1950']
Tuaalagi Lepupa	/wiki/Tuaalagi_Lepupa	['1900', '1950']
Kylie Leuluai	/wiki/Kylie_Leuluai	['1900', '1950']
Phillip Leuluai	/wiki/Phillip_Leuluai	['1900', '1950']
Thomas Leuluai	/wiki/Thomas_Leuluai	['1900', '1950']
Vincent Leuluai	/wiki/Vincent_Leuluai	['1900', '1950']
Tamato Leupolu	/wiki/Tamato_Leupolu	['1900', '1950']
Ricky Leutele	/wiki/Ricky_Leutele	['1900', '1950']
Faifili Levave	/wiki/Faifili_Levave	['1900', '1950']
Filipo Levi	/wiki/Filipo_Levi	['1900', '1950']
Anton Lienert-Brown	/wiki/Anton_Lienert-Brown	['1900', '1950']
Daniel Lienert-Brown	/wiki/Daniel_Lienert-Brown	['1900', '1950']
Palemia Lilomaiava	/wiki/Palemia_Lilomaiava	['1900', '1950']
Brian Lima	/wiki/Brian_Lima	['1900', '1950']
Danny Lima	/wiki/Danny_Lima	['1900', '1950']
Jeff Lima	/wiki/Jeff_Lima	['1900', '1950']
Peter Lima	/wiki/Peter_Lima	['1900', '1950']
Mason Lino	/wiki/Mason_Lino	['1900', '1950']
Lamar Liolevave	/wiki/Lamar_Liolevave	['1900', '1950']
Sam Lisone	/wiki/Sam_Lisone	['1900', '1950']
Isaac Liu	/wiki/Isaac_Liu	['1900', '1950']
Jamahl Lolesi	/wiki/Jamahl_Lolesi	['1900', '1950']
Keith Lowen	/wiki/Keith_Lowen	['1900', '1950']
Jarome Luai	/wiki/Jarome_Luai	['1900', '1950']
Ekeroma Luaiufi	/wiki/Ekeroma_Luaiufi	['1900', '1950']
Joel Luani	/wiki/Joel_Luani	['1900', '1950']
Steve Luatua	/wiki/Steve_Luatua	['1900', '1950']
Dunamis Lui	/wiki/Dunamis_Lui	['1900', '1950']
Lolo Lui	/wiki/Lolo_Lui	['1900', '1950']
Des Maea	/wiki/Des_Maea	['1900', '1950']
Patrick Mago	/wiki/Patrick_Mago	['1900', '1950']
Uale Mai	/wiki/Uale_Mai	['1900', '1950']
Hutch Maiava	/wiki/Hutch_Maiava	['1900', '1950']
Sean Maitland	/wiki/Sean_Maitland	['1900', '1950']
Reni Maitua	/wiki/Reni_Maitua	['1900', '1950']
Jeff Makapelu	/wiki/Jeff_Makapelu	['1900', '1950']
Gus Malietoa-Brown	/wiki/Gus_Malietoa-Brown	['1900', '1950']
Clifford Manua	/wiki/Clifford_Manua	['1900', '1950']
Penani Manumalealii	/wiki/Penani_Manumalealii	['1900', '1950']
Seilala Mapusua	/wiki/Seilala_Mapusua	['1900', '1950']
Lelia Masaga	/wiki/Lelia_Masaga	['1900', '1950']
Chris Masoe	/wiki/Chris_Masoe	['1900', '1950']
Mose Masoe	/wiki/Mose_Masoe	['1900', '1950']
Willie Mason	/wiki/Willie_Mason	['1900', '1950']
Suaia Matagi	/wiki/Suaia_Matagi	['1900', '1950']
Steve Matai	/wiki/Steve_Matai	['1900', '1950']
Onehunga Matauiau	/wiki/Onehunga_Matauiau	['1900', '1950']
Chanel Mata'utia	/wiki/Chanel_Mata%27utia	['1900', '1950']
Pat Mata'utia	/wiki/Pat_Mata%27utia	['1900', '1950']
Peter Mata'utia	/wiki/Peter_Mata%27utia	['1900', '1950']
Sione Mata'utia	/wiki/Sione_Mata%27utia	['1900', '1950']
Vila Matautia	/wiki/Vila_Matautia	['1900', '1950']
Ben Matulino	/wiki/Ben_Matulino	['1900', '1950']
Aaron Mauger	/wiki/Aaron_Mauger	['1900', '1950']
Nathan Mauger	/wiki/Nathan_Mauger	['1900', '1950']
Ken Maumalo	/wiki/Ken_Maumalo	['1900', '1950']
Tyrone May	/wiki/Tyrone_May	['1900', '1950']
Wayne McDade	/wiki/Wayne_McDade	['1900', '1950']
Josh McGuire	/wiki/Josh_McGuire	['1900', '1950']
Jerry Meafou	/wiki/Jerry_Meafou	['1900', '1950']
Kelly Meafua	/wiki/Kelly_Meafua	['1900', '1950']
Keven Mealamu	/wiki/Keven_Mealamu	['1900', '1950']
Francis Meli	/wiki/Francis_Meli	['1900', '1950']
Jonathan Meredith	/wiki/Jonathan_Meredith_(rugby_player)	['1900', '1950']
Steve Meredith	/wiki/Steve_Meredith	['1900', '1950']
Liam Messam	/wiki/Liam_Messam	['1900', '1950']
Dom Michael	/wiki/Dom_Michael	['1900', '1950']
Brad Mika	/wiki/Brad_Mika	['1900', '1950']
Constantine Mika	/wiki/Constantine_Mika	['1900', '1950']
Dylan Mika	/wiki/Dylan_Mika	['1900', '1950']
Michael Mika	/wiki/Michael_Mika	['1900', '1950']
Simaika Mikaele	/wiki/Simaika_Mikaele	['1900', '1950']
Anthony Milford	/wiki/Anthony_Milford	['1900', '1950']
Laloa Milford	/wiki/Laloa_Milford	['1900', '1950']
Tautau Moga	/wiki/Tautau_Moga	['1900', '1950']
Peewee Moke	/wiki/Peewee_Moke	['1900', '1950']
Francis Molo	/wiki/Francis_Molo	['1900', '1950']
Junior Moors	/wiki/Junior_Moors	['1900', '1950']
Richard Mo'unga	/wiki/Richard_Mo%27unga	['1900', '1950']
Mils Muliaina	/wiki/Mils_Muliaina	['1900', '1950']
Logovi'i Mulipola	/wiki/Logovi%27i_Mulipola	['1900', '1950']
Lucky Mulipola	/wiki/Lucky_Mulipola	['1900', '1950']
Zane Musgrove	/wiki/Zane_Musgrove	['1900', '1950']
Heka Nanai	/wiki/Heka_Nanai	['1900', '1950']
Melani Nanai	/wiki/Melani_Nanai	['1900', '1950']
Tim Nanai-Williams	/wiki/Tim_Nanai-Williams	['1900', '1950']
George Naoupu	/wiki/George_Naoupu	['1900', '1950']
Sene Naoupu	/wiki/Sene_Naoupu	['1900', '1950']
Ben Nee-Nee	/wiki/Ben_Nee-Nee	['1900', '1950']
Elijah Niko	/wiki/Elijah_Niko	['1900', '1950']
David Nofoaluma	/wiki/David_Nofoaluma	['1900', '1950']
Ma'a Nonu	/wiki/Ma%27a_Nonu	['1900', '1950']
Tu Nu'uali'itia	/wiki/Tu_Nu%27uali%27itia	['1900', '1950']
Frank-Paul Nu'uausala	/wiki/Frank-Paul_Nu%27uausala	['1900', '1950']
John Nuumaalii	/wiki/John_Nuumaalii	['1900', '1950']
Ray Ofisa	/wiki/Ray_Ofisa	['1900', '1950']
Hitro Okesene	/wiki/Hitro_Okesene	['1900', '1950']
Paul Okesene	/wiki/Paul_Okesene	['1900', '1950']
Duncan Paia'aua	/wiki/Duncan_Paia%27aua	['1900', '1950']
Fosi Pala'amo	/wiki/Fosi_Pala%27amo	['1900', '1950']
Thretton Palamo	/wiki/Thretton_Palamo	['1900', '1950']
Iafeta Paleaaesina	/wiki/Iafeta_Paleaaesina	['1900', '1950']
Opeta Palepoi	/wiki/Opeta_Palepoi	['1900', '1950']
Sam Panapa	/wiki/Sam_Panapa	['1900', '1950']
Abraham Papalii	/wiki/Abraham_Papalii	['1900', '1950']
Isaiah Papali'i	/wiki/Isaiah_Papali%27i	['1900', '1950']
Josh Papalii	/wiki/Josh_Papalii	['1900', '1950']
Junior Paramore	/wiki/Junior_Paramore	['1900', '1950']
Pauli Pauli	/wiki/Pauli_Pauli	['1900', '1950']
Maselino Paulino	/wiki/Maselino_Paulino	['1900', '1950']
Filo Paulo	/wiki/Filo_Paulo	['1900', '1950']
Joseph Paulo	/wiki/Joseph_Paulo	['1900', '1950']
Junior Paulo	/wiki/Junior_Paulo_(rugby_league,_born_1983)	['1983', '2025']
Junior Paulo	/wiki/Junior_Paulo_(rugby_league,_born_1993)	['1993', '2025']
Ti’i Paulo	/wiki/Ti%E2%80%99i_Paulo	['1900', '1950']
Junior Pelesasa	/wiki/Junior_Pelesasa	['1900', '1950']
Daniel Penese	/wiki/Daniel_Penese	['1900', '1950']
Apollo Perelini	/wiki/Apollo_Perelini	['1900', '1950']
Anthony Perenise	/wiki/Anthony_Perenise	['1900', '1950']
Paul Perez	/wiki/Paul_Perez	['1900', '1950']
Sam Perrett	/wiki/Sam_Perrett	['1900', '1950']
Mikaele Pesamino	/wiki/Mikaele_Pesamino	['1900', '1950']
Fred Petersen	/wiki/Fred_Petersen	['1900', '1950']
Eddy Pettybourne	/wiki/Eddy_Pettybourne	['1900', '1950']
Dominique Peyroux	/wiki/Dominique_Peyroux	['1900', '1950']
George Pisi	/wiki/George_Pisi	['1900', '1950']
Ken Pisi	/wiki/Ken_Pisi	['1900', '1950']
Tusi Pisi	/wiki/Tusi_Pisi	['1900', '1950']
Robert Piva	/wiki/Robert_Piva	['1900', '1950']
Mataupu Poching	/wiki/Mataupu_Poching	['1900', '1950']
Willie Poching	/wiki/Willie_Poching	['1900', '1950']
Junior Poluleuligaga	/wiki/Junior_Poluleuligaga	['1900', '1950']
Peter Poulos	/wiki/Peter_Poulos	['1900', '1950']
Frank Pritchard	/wiki/Frank_Pritchard	['1900', '1950']
Kaysa Pritchard	/wiki/Kaysa_Pritchard	['1900', '1950']
Esera Puleitu	/wiki/Esera_Puleitu	['1900', '1950']
Frank Puletua	/wiki/Frank_Puletua	['1900', '1950']
Tony Puletua	/wiki/Tony_Puletua	['1900', '1950']
Augustine Pulu	/wiki/Augustine_Pulu	['1900', '1950']
Edward Purcell	/wiki/Edward_Purcell_(rugby_league)	['1900', '1950']
Justin Purdie	/wiki/Justin_Purdie	['1900', '1950']
Dale Rasmussen	/wiki/Dale_Rasmussen	['1900', '1950']
Brendan Reidy	/wiki/Brendan_Reidy	['1900', '1950']
Nathaniel Roache	/wiki/Nathaniel_Roache	['1900', '1950']
Ben Roberts	/wiki/Ben_Roberts_(rugby_league)	['1900', '1950']
Iva Ropati	/wiki/Iva_Ropati	['1900', '1950']
Jerome Ropati	/wiki/Jerome_Ropati	['1900', '1950']
Joe Ropati	/wiki/Joe_Ropati	['1900', '1950']
Peter Ropati	/wiki/Peter_Ropati	['1900', '1950']
Romi Ropati	/wiki/Romi_Ropati	['1900', '1950']
Tangi Ropati	/wiki/Tangi_Ropati	['1900', '1950']
Tea Ropati	/wiki/Tea_Ropati	['1900', '1950']
Setaimata Sa	/wiki/Setaimata_Sa	['1900', '1950']
Fereti Sa'aga	/wiki/Fereti_Sa%27aga	['1900', '1950']
Filipo Saena	/wiki/Filipo_Saena	['1900', '1950']
Francis Saili	/wiki/Francis_Saili	['1900', '1950']
Peter Saili	/wiki/Peter_Saili	['1900', '1950']
Solomona Sakalia	/wiki/Solomona_Sakalia	['1900', '1950']
Muliufi Salanoa	/wiki/Muliufi_Salanoa	['1900', '1950']
Manaia Salavea	/wiki/Manaia_Salavea	['1900', '1950']
Toa Samania	/wiki/Toa_Samania	['1900', '1950']
Luke Samoa	/wiki/Luke_Samoa	['1900', '1950']
Smith Samau	/wiki/Smith_Samau	['1900', '1950']
Phillip Sami	/wiki/Phillip_Sami	['1900', '1950']
Luke Samoa	/wiki/Luke_Samoa	['1900', '1950']
Ligi Sao	/wiki/Ligi_Sao	['1900', '1950']
Junior Sa'u	/wiki/Junior_Sa%27u	['1900', '1950']
Sami Sauiluma	/wiki/Sami_Sauiluma	['1900', '1950']
Ardie Savea	/wiki/Ardie_Savea	['1900', '1950']
Julian Savea	/wiki/Julian_Savea	['1900', '1950']
Andre Savelio	/wiki/Andre_Savelio	['1900', '1950']
John Schuster	/wiki/John_Schuster	['1900', '1950']
Peter Schuster	/wiki/Peter_Schuster_(rugby_union)	['1900', '1950']
John Schwalger	/wiki/John_Schwalger	['1900', '1950']
Mahonri Schwalger	/wiki/Mahonri_Schwalger	['1900', '1950']
Silao Vaisola Sefo	/wiki/Silao_Vaisola_Sefo	['1900', '1950']
Patrick Segi	/wiki/Patrick_Segi	['1900', '1950']
Aki Seiuli	/wiki/Aki_Seiuli	['1900', '1950']
Jesse Sene-Lefao	/wiki/Jesse_Sene-Lefao	['1900', '1950']
John Senio	/wiki/John_Senio	['1900', '1950']
Kevin Senio	/wiki/Kevin_Senio	['1900', '1950']
Mike Setefano	/wiki/Mike_Setefano	['1900', '1950']
Lagi Setu	/wiki/Lagi_Setu	['1900', '1950']
Terence Seu Seu	/wiki/Terence_Seu_Seu	['1900', '1950']
Taleni Seu	/wiki/Taleni_Seu	['1900', '1950']
Ava Seumanufagai	/wiki/Ava_Seumanufagai	['1900', '1950']
Jerry Seuseu	/wiki/Jerry_Seuseu	['1900', '1950']
Elvis Seveali'i	/wiki/Elvis_Seveali%27i	['1900', '1950']
Regina Sheck	/wiki/Regina_Sheck	['1900', '1950']
Siliva Siliva	/wiki/Siliva_Siliva	['1900', '1950']
Tim Simona	/wiki/Tim_Simona	['1900', '1950']
Fata Sini	/wiki/Fata_Sini	['1900', '1950']
Sinoti Sinoti	/wiki/Sinoti_Sinoti	['1900', '1950']
David Sio	/wiki/David_Sio	['1900', '1950']
Ken Sio	/wiki/Ken_Sio	['1900', '1950']
Keneti Sio	/wiki/Keneti_Sio	['1900', '1950']
Michael Sio	/wiki/Michael_Sio	['1900', '1950']
Scott Sio	/wiki/Scott_Sio	['1900', '1950']
Toafofoa Sipley	/wiki/Toafofoa_Sipley	['1900', '1950']
Semo Sititi	/wiki/Semo_Sititi	['1900', '1950']
Cameron Skelton	/wiki/Cameron_Skelton	['1900', '1950']
Will Skelton	/wiki/Will_Skelton	['1900', '1950']
Chad Slade	/wiki/Chad_Slade	['1900', '1950']
Jeremy Smith	/wiki/Jeremy_Smith_(rugby_league,_born_1980)	['1900', '1950']
Iosia Soliola	/wiki/Iosia_Soliola	['1900', '1950']
Dave Solomon	/wiki/Dave_Solomon_(rugby)	['1900', '1950']
Frank Solomon	/wiki/Frank_Solomon	['1900', '1950']
David Solomona	/wiki/David_Solomona	['1900', '1950']
Denny Solomona	/wiki/Denny_Solomona	['1900', '1950']
Malo Solomona	/wiki/Malo_Solomona	['1900', '1950']
Se'e Solomona	/wiki/Se%27e_Solomona	['1900', '1950']
Afato So'oalo	/wiki/Afato_So%27oalo	['1900', '1950']
James So'oialo	/wiki/James_So%27oialo	['1900', '1950']
Rodney So'oialo	/wiki/Rodney_So%27oialo	['1900', '1950']
Steven So'oialo	/wiki/Steven_So%27oialo	['1900', '1950']
Lima Sopoaga	/wiki/Lima_Sopoaga	['1900', '1950']
Tupou Sopoaga	/wiki/Tupou_Sopoaga	['1900', '1950']
Benson Stanley	/wiki/Benson_Stanley	['1900', '1950']
Chase Stanley	/wiki/Chase_Stanley	['1900', '1950']
Jeremy Stanley	/wiki/Jeremy_Stanley	['1900', '1950']
Joe Stanley	/wiki/Joe_Stanley	['1900', '1950']
Kyle Stanley	/wiki/Kyle_Stanley_(rugby_league)	['1900', '1950']
Michael Stanley	/wiki/Michael_Stanley_(rugby_union)	['1900', '1950']
Sam Stanley	/wiki/Sam_Stanley_(rugby_player)	['1900', '1950']
Miguel Start	/wiki/Miguel_Start	['1900', '1950']
George Stowers	/wiki/George_Stowers	['1900', '1950']
Shannon Stowers	/wiki/Shannon_Stowers	['1900', '1950']
Jaydn Su'A	/wiki/Jaydn_Su%27A	['1900', '1950']
Jeremy Su'a	/wiki/Jeremy_Su%27a	['1900', '1950']
Sauaso Sue	/wiki/Sauaso_Sue	['1900', '1950']
Andrew Suniula	/wiki/Andrew_Suniula	['1900', '1950']
Roland Suniula	/wiki/Roland_Suniula	['1900', '1950']
Shalom Suniula	/wiki/Shalom_Suniula	['1900', '1950']
Anthony Swann	/wiki/Anthony_Swann	['1900', '1950']
Logan Swann	/wiki/Logan_Swann	['1900', '1950']
Willie Swann	/wiki/Willie_Swann	['1900', '1950']
Conrad Ta'akimoeaka	/wiki/Conrad_Ta%27akimoeaka	['1900', '1950']
Sene Ta'ala	/wiki/Sene_Ta%27ala	['1900', '1950']
Niva Ta'auso	/wiki/Niva_Ta%27auso	['1900', '1950']
Angus Ta'avao	/wiki/Angus_Ta%27avao	['1900', '1950']
Henry Taefu	/wiki/Henry_Taefu	['1900', '1950']
Pelu Taele	/wiki/Pelu_Taele	['1900', '1950']
Timo Tagaloa	/wiki/Timo_Tagaloa	['1900', '1950']
Sam Tagataese	/wiki/Sam_Tagataese	['1900', '1950']
Sailosi Tagicakibau	/wiki/Sailosi_Tagicakibau	['1900', '1950']
Pingi Tala'apitaga	/wiki/Pingi_Tala%27apitaga	['1900', '1950']
Willie Talau	/wiki/Willie_Talau	['1900', '1950']
Albert Talipeau	/wiki/Albert_Talipeau	['1900', '1950']
Robert Tanielu	/wiki/Robert_Tanielu	['1900', '1950']
Ben Tapuai	/wiki/Ben_Tapuai	['1900', '1950']
Lama Tasi	/wiki/Lama_Tasi	['1900', '1950']
Tautalatasi Tasi	/wiki/Tautalatasi_Tasi	['1900', '1950']
Josh Tatupu	/wiki/Josh_Tatupu	['1900', '1950']
Tony Tatupu	/wiki/Tony_Tatupu	['1900', '1950']
Jordan Taufua	/wiki/Jordan_Taufua	['1900', '1950']
Jorge Taufua	/wiki/Jorge_Taufua	['1900', '1950']
Mark Taufua	/wiki/Mark_Taufua	['1900', '1950']
Jamie-Jerry Taulagi	/wiki/Jamie-Jerry_Taulagi	['1900', '1950']
Misi Taulapapa	/wiki/Misi_Taulapapa	['1900', '1950']
Martin Taupau	/wiki/Martin_Taupau	['1900', '1950']
Taulima Tautai	/wiki/Taulima_Tautai	['1900', '1950']
Ezra Taylor	/wiki/Ezra_Taylor_(rugby_union)	['1900', '1950']
Joe Tekori	/wiki/Joe_Tekori	['1900', '1950']
Ben Te'o	/wiki/Ben_Te%27o	['1900', '1950']
Jazz Tevaga	/wiki/Jazz_Tevaga	['1900', '1950']
Kane Thompson	/wiki/Kane_Thompson	['1900', '1950']
Junior Tia-Kilifi	/wiki/Junior_Tia-Kilifi	['1900', '1950']
Neemia Tialata	/wiki/Neemia_Tialata	['1900', '1950']
Chase Tiatia	/wiki/Chase_Tiatia	['1900', '1950']
Filo Tiatia	/wiki/Filo_Tiatia	['1900', '1950']
Caleb Timu	/wiki/Caleb_Timu	['1900', '1950']
Filipo Toala	/wiki/Filipo_Toala	['1900', '1950']
Isaia Toeava	/wiki/Isaia_Toeava	['1900', '1950']
Kalolo Toleafoa	/wiki/Kalolo_Toleafoa	['1900', '1950']
Senio Toleafoa	/wiki/Senio_Toleafoa	['1900', '1950']
Onosai Tololima-Auva'a	/wiki/Onosai_Tololima-Auva%27a	['1900', '1950']
Joe Tomane	/wiki/Joe_Tomane	['1900', '1950']
Sio Tomkinson	/wiki/Sio_Tomkinson	['1900', '1950']
Jeremy Tomuli	/wiki/Jeremy_Tomuli	['1900', '1950']
Lama Tone	/wiki/Lama_Tone	['1900', '1950']
Willie Tonga	/wiki/Willie_Tonga	['1900', '1950']
Young Tonumaipea	/wiki/Young_Tonumaipea	['1900', '1950']
Ofisa Tonu'u	/wiki/Ofisa_Tonu%27u	['1900', '1950']
Motu Tony	/wiki/Motu_Tony	['1900', '1950']
Brian To'o	/wiki/Brian_To%27o	['1900', '1950']
Renouf To'omaga	/wiki/Renouf_To%27omaga	['1900', '1950']
Jeffery Toomaga-Allen	/wiki/Jeffery_Toomaga-Allen	['1900', '1950']
Stan To'omalatai	/wiki/Stan_To%27omalatai	['1900', '1950']
Matt Toomua	/wiki/Matt_Toomua	['1900', '1950']
Ofisa Treviranus	/wiki/Ofisa_Treviranus	['1900', '1950']
Ahsee Tuala	/wiki/Ahsee_Tuala	['1900', '1950']
Enari Tuala	/wiki/Enari_Tuala	['1900', '1950']
Belgium Tuatagaloa	/wiki/Belgium_Tuatagaloa	['1900', '1950']
Lukhan Tui	/wiki/Lukhan_Tui	['1900', '1950']
Ruby Tui	/wiki/Ruby_Tui	['1900', '1950']
Mose Tuiali'i	/wiki/Mose_Tuiali%27i	['1900', '1950']
Des Tuiavi'i	/wiki/Des_Tuiavi%27i	['1900', '1950']
Isaia Tuifua	/wiki/Isaia_Tuifua	['1900', '1950']
Taiasina Tuifu'a	/wiki/Taiasina_Tuifu%27a	['1900', '1950']
Sonny Tuigamala	/wiki/Sonny_Tuigamala	['1900', '1950']
Va'aiga Tuigamala	/wiki/Va%27aiga_Tuigamala	['1900', '1950']
Alesana Tuilagi	/wiki/Alesana_Tuilagi	['1900', '1950']
Anitelea Tuilagi	/wiki/Anitelea_Tuilagi	['1900', '1950']
Fred Tuilagi	/wiki/Fred_Tuilagi	['1900', '1950']
Freddie Tuilagi	/wiki/Freddie_Tuilagi	['1900', '1950']
Henry Tuilagi	/wiki/Henry_Tuilagi	['1900', '1950']
Manu Tuilagi	/wiki/Manu_Tuilagi	['1900', '1950']
Sanele Vavae Tuilagi	/wiki/Sanele_Vavae_Tuilagi	['1900', '1950']
Kalolo Tuiloma	/wiki/Kalolo_Tuiloma	['1900', '1950']
Carlos Tuimavave	/wiki/Carlos_Tuimavave	['1900', '1950']
Evarn Tuimavave	/wiki/Evarn_Tuimavave	['1900', '1950']
Paddy Tuimavave	/wiki/Paddy_Tuimavave	['1900', '1950']
Tony Tuimavave	/wiki/Tony_Tuimavave	['1900', '1950']
Patrick Tuipulotu	/wiki/Patrick_Tuipulotu	['1900', '1950']
Roger Tuivasa-Sheck	/wiki/Roger_Tuivasa-Sheck	['1900', '1950']
Alatasi Tupou	/wiki/Alatasi_Tupou	['1900', '1950']
Jimmy Tupou	/wiki/Jimmy_Tupou	['1900', '1950']
Alisi Tupuailei	/wiki/Alisi_Tupuailei	['1900', '1950']
Richard Turner	/wiki/Richard_Turner_(rugby_union)	['1900', '1950']
Denning Tyrell	/wiki/Denning_Tyrell	['1900', '1950']
Joseph Ualesi	/wiki/Joseph_Ualesi	['1900', '1950']
Braden Uele	/wiki/Braden_Uele	['1900', '1950']
Tauvere Ugapo	/wiki/Tauvere_Ugapo	['1900', '1950']
Ulia Ulia	/wiki/Ulia_Ulia	['1900', '1950']
Wayne Ulugia	/wiki/Wayne_Ulugia	['1900', '1950']
Jack Umaga	/wiki/Jack_Umaga	['1900', '1950']
Mike Umaga	/wiki/Mike_Umaga	['1900', '1950']
Tana Umaga	/wiki/Tana_Umaga	['1900', '1950']
Thomas Umaga-Jensen	/wiki/Thomas_Umaga-Jensen	['1900', '1950']
Matt Utai	/wiki/Matt_Utai	['1900', '1950']
Earl Va'a	/wiki/Earl_Va%27a	['1900', '1950']
Justin Va'a	/wiki/Justin_Va%27a	['1900', '1950']
Brando Va'aulu	/wiki/Brando_Va%27aulu	['1900', '1950']
Mathew Vaea	/wiki/Mathew_Vaea	['1900', '1950']
Chris Vaefaga	/wiki/Chris_Vaefaga	['1900', '1950']
Matt Vaega	/wiki/Matt_Vaega	['1900', '1950']
To’o Vaega	/wiki/To%E2%80%99o_Vaega	['1900', '1950']
Alfie Vaeluaga	/wiki/Alfie_Vaeluaga	['1900', '1950']
Joe Vagana	/wiki/Joe_Vagana	['1900', '1950']
Nigel Vagana	/wiki/Nigel_Vagana	['1900', '1950']
Siaosi Vaili	/wiki/Siaosi_Vaili	['1900', '1950']
Alefaio Vaisuai	/wiki/Alefaio_Vaisuai	['1900', '1950']
Paterika Vaivai	/wiki/Paterika_Vaivai	['1900', '1950']
Taioalo Vaivai	/wiki/Taioalo_Vaivai	['1900', '1950']
Gray Viane	/wiki/Gray_Viane	['1900', '1950']
Daniel Vidot	/wiki/Daniel_Vidot	['1900', '1950']
Tanner Vili	/wiki/Tanner_Vili	['1900', '1950']
Kitiona Viliamu	/wiki/Kitiona_Viliamu	['1900', '1950']
Va'apu'u Vitale	/wiki/Va%27apu%27u_Vitale	['1900', '1950']
Lolagi Visinia	/wiki/Lolagi_Visinia	['1900', '1950']
Victor Vito	/wiki/Victor_Vito_(rugby_union)	['1900', '1950']
Michael von Dincklage	/wiki/Michael_von_Dincklage	['1900', '1950']
Ruben Wiki	/wiki/Ruben_Wiki	['1900', '1950']
Bryan Williams	/wiki/Bryan_Williams_(rugby_union)	['1900', '1950']
Darrell Williams	/wiki/Darrell_Williams_(rugby_league)	['1900', '1950']
Daryl Williams	/wiki/Daryl_Williams_(rugby_union)	['1900', '1950']
Gavin Williams	/wiki/Gavin_Williams_(rugby_union)	['1900', '1950']
Niall Williams	/wiki/Niall_Williams_(rugby_union)	['1900', '1950']
Nick Williams	/wiki/Nick_Williams_(rugby_union)	['1900', '1950']
Paul Williams	/wiki/Paul_Williams_(rugby_union)	['1900', '1950']
Sonny Bill Williams	/wiki/Sonny_Bill_Williams	['1900', '1950']
Tim Winitana	/wiki/Tim_Winitana	['1900', '1950']
Antonio Winterstein	/wiki/Antonio_Winterstein	['1900', '1950']
Frank Winterstein	/wiki/Frank_Winterstein	['1900', '1950']
Psalm Wooching	/wiki/Psalm_Wooching	['1900', '1950']
Matthew Wright	/wiki/Matthew_Wright_(rugby_league)	['1900', '1950']
Rudi Wulf	/wiki/Rudi_Wulf	['1900', '1950']
Vincent Wulf	/wiki/Vincent_Wulf	['1900', '1950']
Savaliga Afu	/wiki/Savaliga_Afu	['1900', '1950']
Aukusitino Aitupe	/wiki/Aukusitino_Aitupe	['1900', '1950']
Marcus Alimonti	/wiki/Marcus_Alimonti	['1900', '1950']
Masei Amosa	/wiki/Masei_Amosa	['1900', '1950']
Patrick Asiata	/wiki/Patrick_Asiata	['1900', '1950']
Suivai Ataga	/wiki/Suivai_Ataga	['1900', '1950']
Sarai Bareman	/wiki/Sarai_Bareman	['1900', '1950']
Demetrius Beauchamp	/wiki/Demetrius_Beauchamp	['1900', '1950']
Albert Bell	/wiki/Albert_Bell_(footballer)	['1900', '1950']
Michael Boxall	/wiki/Michael_Boxall	['1900', '1950']
Nikko Boxall	/wiki/Nikko_Boxall	['1900', '1950']
Dennis Bryce	/wiki/Dennis_Bryce	['1900', '1950']
Filipo Bureta	/wiki/Filipo_Bureta	['1900', '1950']
Chris Cahill	/wiki/Chris_Cahill	['1900', '1950']
Tim Cahill	/wiki/Tim_Cahill	['1900', '1950']
Paul Collins	/wiki/Paul_Collins_(American_Samoan_footballer)	['1900', '1950']
Jared Curtis	/wiki/Jared_Curtis_(footballer)	['1900', '1950']
Joseph Dan-Tyrell	/wiki/Joseph_Dan-Tyrell	['1900', '1950']
Shaun Easthope	/wiki/Shaun_Easthope	['1900', '1950']
Amilale Esaroma	/wiki/Amilale_Esaroma	['1900', '1950']
Desmond Fa'aiuaso	/wiki/Desmond_Fa%27aiuaso	['1900', '1950']
Vaalii Faalogo	/wiki/Vaalii_Faalogo	['1900', '1950']
Sulifou Faaloua	/wiki/Sulifou_Faaloua	['1900', '1950']
Sopo FaKaua	/wiki/Sopo_FaKaua	['1900', '1950']
Ben Falaniko	/wiki/Ben_Falaniko	['1900', '1950']
Pita Falevalu	/wiki/Pita_Falevalu	['1900', '1950']
Soe Falimaua	/wiki/Soe_Falimaua	['1900', '1950']
Tama Fasavalu	/wiki/Tama_Fasavalu	['1900', '1950']
Lavalu Fatu	/wiki/Lavalu_Fatu	['1900', '1950']
Pati Feagiai	/wiki/Pati_Feagiai	['1900', '1950']
Isaia Fealofi	/wiki/Isaia_Fealofi	['1900', '1950']
Tamoto Fenika	/wiki/Tamoto_Fenika	['1900', '1950']
Damien Fonoti	/wiki/Damien_Fonoti	['1900', '1950']
Sandra Fruean	/wiki/Sandra_Fruean	['1900', '1950']
Seth Galloway	/wiki/Seth_Galloway	['1900', '1950']
Luki Gosche	/wiki/Luki_Gosche	['1900', '1950']
Jordan Grantz	/wiki/Jordan_Grantz	['1900', '1950']
Motu Hafoka	/wiki/Motu_Hafoka	['1900', '1950']
Johnny Hall	/wiki/Johnny_Hall_(footballer)	['1900', '1950']
Faitalia Hamilton-Pama	/wiki/Faitalia_Hamilton-Pama	['1900', '1950']
Ethan Hanns	/wiki/Ethan_Hanns	['1900', '1950']
Dylan Hardie-Jordan	/wiki/Dylan_Hardie-Jordan	['1900', '1950']
Uasila'a Heleta	/wiki/Uasila%27a_Heleta	['1900', '1950']
Ismael D'Angelo Herrera	/wiki/Ismael_D%27Angelo_Herrera	['1900', '1950']
Joseph Hoeflich	/wiki/Joseph_Hoeflich	['1900', '1950']
Max Hoeflich	/wiki/Max_Hoeflich	['1900', '1950']
Cameron Howieson	/wiki/Cameron_Howieson	['1900', '1950']
Benson Hunt	/wiki/Benson_Hunt	['1900', '1950']
Faafetai Hunt	/wiki/Faafetai_Hunt	['1900', '1950']
Dane Ingham	/wiki/Dane_Ingham	['1900', '1950']
Jai Ingham	/wiki/Jai_Ingham	['1900', '1950']
Darrell Ioane	/wiki/Darrell_Ioane	['1900', '1950']
Ne'emia Kaleopa	/wiki/Ne%27emia_Kaleopa	['1900', '1950']
Panweichi Kaleopa	/wiki/Panweichi_Kaleopa	['1900', '1950']
Bevan Kapisi	/wiki/Bevan_Kapisi	['1900', '1950']
Keone Kapisi	/wiki/Keone_Kapisi	['1900', '1950']
Spencer Keli	/wiki/Spencer_Keli	['1900', '1950']
Peni Kitiona	/wiki/Peni_Kitiona	['1900', '1950']
Sam Kome	/wiki/Sam_Kome	['1900', '1950']
Casper Kuresa	/wiki/Casper_Kuresa	['1900', '1950']
Vito Laloata	/wiki/Vito_Laloata	['1900', '1950']
Iofi Lalogafuafua	/wiki/Iofi_Lalogafuafua	['1900', '1950']
Renee Leota	/wiki/Renee_Leota	['1900', '1950']
Soliai Letutusa	/wiki/Soliai_Letutusa	['1900', '1950']
Lisi Leututu	/wiki/Lisi_Leututu	['1900', '1950']
Mexico Leututu	/wiki/Mexico_Leututu	['1900', '1950']
Tunoa Lui	/wiki/Tunoa_Lui	['1900', '1950']
Tala Luvu	/wiki/Tala_Luvu	['1900', '1950']
Soga Maina	/wiki/Soga_Maina	['1900', '1950']
Samuelu Malo	/wiki/Samuelu_Malo	['1900', '1950']
Silao Malo	/wiki/Silao_Malo	['1900', '1950']
Tor-Lawrence Manao	/wiki/Tor-Lawrence_Manao	['1900', '1950']
Justin Manao	/wiki/Justin_Manao	['1900', '1950']
Iosefa Maposua	/wiki/Iosefa_Maposua	['1900', '1950']
Richard Mariko	/wiki/Richard_Mariko	['1900', '1950']
Ryan Martin	/wiki/Ryan_Martin_(footballer)	['1900', '1950']
Rawlston Masaniai	/wiki/Rawlston_Masaniai	['1900', '1950']
Faalavelave Matagi	/wiki/Faalavelave_Matagi	['1900', '1950']
Junior Michael	/wiki/Junior_Michael	['1900', '1950']
Ryan Aloali'i Mitchell	/wiki/Ryan_Aloali%27i_Mitchell	['1900', '1950']
Andrew Mobberley	/wiki/Andrew_Mobberley	['1900', '1950']
Sam Mulipola	/wiki/Sam_Mulipola	['1900', '1950']
Natia Natia	/wiki/Natia_Natia	['1900', '1950']
Mariah Bullock	/wiki/Mariah_Bullock	['1900', '1950']
Diamond Ott	/wiki/Diamond_Ott	['1900', '1950']
Ramin Ott	/wiki/Ramin_Ott	['1900', '1950']
Jordan Penitusi	/wiki/Jordan_Penitusi	['1900', '1950']
Jasmine Pereira	/wiki/Jasmine_Pereira	['1900', '1950']
Henry Pupi	/wiki/Henry_Pupi	['1900', '1950']
Raphael Rocha	/wiki/Raphael_Rocha	['1900', '1950']
Jaiyah Saelua	/wiki/Jaiyah_Saelua	['1900', '1950']
Nicky Salapu	/wiki/Nicky_Salapu	['1900', '1950']
Jarrell Sale	/wiki/Jarrell_Sale	['1900', '1950']
Ryan Samuelu	/wiki/Ryan_Samuelu	['1900', '1950']
Mike Saofaiga	/wiki/Mike_Saofaiga	['1900', '1950']
Alex Savea	/wiki/Alex_Savea	['1900', '1950']
Tiaoali Savea	/wiki/Tiaoali_Savea	['1900', '1950']
Paulo Scanlan	/wiki/Paulo_Scanlan	['1900', '1950']
Pasi Schwalger	/wiki/Pasi_Schwalger	['1900', '1950']
Andrew Setefano	/wiki/Andrew_Setefano	['1900', '1950']
Jason Si'i	/wiki/Jason_Si%27i	['1900', '1950']
Ted Sikovi	/wiki/Ted_Sikovi	['1900', '1950']
Marshall Silao	/wiki/Marshall_Silao	['1900', '1950']
Kaleopa Siligi	/wiki/Kaleopa_Siligi	['1900', '1950']
Terrence Sinapati	/wiki/Terrence_Sinapati	['1900', '1950']
Travis Pita Sinapati	/wiki/Travis_Pita_Sinapati	['1900', '1950']
T. Tapunuu	/wiki/T._Tapunuu	['1900', '1950']
Ieti Taulealo	/wiki/Ieti_Taulealo	['1900', '1950']
Daru Taumua	/wiki/Daru_Taumua	['1900', '1950']
Lionel Taylor	/wiki/Lionel_Taylor_(footballer)	['1900', '1950']
Lapalapa Toni	/wiki/Lapalapa_Toni	['1900', '1950']
Bill Tuiloma	/wiki/Bill_Tuiloma	['1900', '1950']
Suani Uelese	/wiki/Suani_Uelese	['1900', '1950']
Charlie Uhrle	/wiki/Charlie_Uhrle	['1900', '1950']
Sapati Umutaua	/wiki/Sapati_Umutaua	['1900', '1950']
Alexander Victor	/wiki/Alexander_Victor	['1900', '1950']
Pesamino Victor	/wiki/Pesamino_Victor	['1900', '1950']
Yiu Hing Yiu Hing	/wiki/Yiu_Hing_Yiu_Hing	['1900', '1950']
Im-Min Young	/wiki/Im-Min_Young	['1900', '1950']
Konishiki Yasokichi	/wiki/Konishiki_Yasokichi	['1900', '1950']
Musashimaru Kōyō	/wiki/Musashimaru_K%C5%8Dy%C5%8D	['1900', '1950']
Nankairyū Tarō	/wiki/Nankairy%C5%AB_Tar%C5%8D	['1900', '1950']
Taylor Wily	/wiki/Taylor_Wily	['1900', '1950']
Evelina Afoa	/wiki/Evelina_Afoa	['1900', '1950']
Daniel Bell	/wiki/Daniel_Bell_(Australian_swimmer)	['1900', '1950']
Orinoco Faamausili-Banse	/wiki/Orinoco_Faamausili-Banse	['1900', '1950']
Virginia Farmer	/wiki/Virginia_Farmer	['1900', '1950']
Megan Fonteno	/wiki/Megan_Fonteno	['1900', '1950']
Stewart Glenister	/wiki/Stewart_Glenister	['1900', '1950']
Emma Hunter	/wiki/Emma_Hunter	['1900', '1950']
Robin Leamy	/wiki/Robin_Leamy_(swimmer)	['1900', '1950']
Ching Maou Wei	/wiki/Ching_Maou_Wei	['1900', '1950']
Monica Saili	/wiki/Monica_Saili	['1900', '1950']
Brandon Schuster	/wiki/Brandon_Schuster	['1900', '1950']
Alania Suttie	/wiki/Alania_Suttie	['1900', '1950']
Destanee Aiava	/wiki/Destanee_Aiava	['1900', '1950']
Steffi Carruthers	/wiki/Steffi_Carruthers	['1900', '1950']
Tagifano So'Onalole	/wiki/Tagifano_So%27Onalole	['1900', '1950']
Claudine Toleafoa	/wiki/Claudine_Toleafoa	['1900', '1950']
Maggie Aiono	/wiki/Maggie_Aiono	['1900', '1950']
Serafina Akeli	/wiki/Serafina_Akeli	['1900', '1950']
Sarah Cowley	/wiki/Sarah_Cowley_(athlete)	['1900', '1950']
Aunese Curreen	/wiki/Aunese_Curreen	['1900', '1950']
Jeremy Dodson	/wiki/Jeremy_Dodson	['1900', '1950']
Elama Fa’atonu	/wiki/Elama_Fa%E2%80%99atonu	['1900', '1950']
Gary Fanelli	/wiki/Gary_Fanelli	['1900', '1950']
William Fong	/wiki/William_Fong	['1900', '1950']
Emanuele Fuamatu	/wiki/Emanuele_Fuamatu	['1900', '1950']
Faresa Kapisi	/wiki/Faresa_Kapisi	['1900', '1950']
Alefosio Laki	/wiki/Alefosio_Laki	['1900', '1950']
Anthony Leiato	/wiki/Anthony_Leiato	['1900', '1950']
Jordan Mageo	/wiki/Jordan_Mageo	['1900', '1950']
Lisa Misipeka	/wiki/Lisa_Misipeka	['1900', '1950']
Kelsey Nakanelua	/wiki/Kelsey_Nakanelua	['1900', '1950']
Alex Rose	/wiki/Alex_Rose_(athlete)	['1900', '1950']
Savannah Sanitoa	/wiki/Savannah_Sanitoa	['1900', '1950']
Shanahan Sanitoa	/wiki/Shanahan_Sanitoa	['1900', '1950']
Isaac Silafau	/wiki/Isaac_Silafau	['1900', '1950']
Henry Smith	/wiki/Henry_Smith_(athlete)	['1900', '1950']
Shaka Sola	/wiki/Shaka_Sola	['1900', '1950']
Chris Sua'mene	/wiki/Chris_Sua%27mene	['1900', '1950']
Iloai Suaniu	/wiki/Iloai_Suaniu	['1900', '1950']
Eric Fonoimoana	/wiki/Eric_Fonoimoana	['1900', '1950']
Garrett Muagututia	/wiki/Garrett_Muagututia	['1900', '1950']
Leslie Gabriel	/wiki/Leslie_Gabriel	['1900', '1950']
Eric Brown	/wiki/Eric_Brown_(weightlifter)	['1900', '1950']
Lopesi Faagu	/wiki/Lopesi_Faagu	['1900', '1950']
Faavae Faauliuli	/wiki/Faavae_Faauliuli	['1900', '1950']
Vaipava Ioane	/wiki/Vaipava_Ioane	['1900', '1950']
Tanumafili Jungblut	/wiki/Tanumafili_Jungblut	['1900', '1950']
Eleei Lalio	/wiki/Eleei_Lalio	['1900', '1950']
Siaosi Leuo	/wiki/Siaosi_Leuo	['1900', '1950']
Lauititi Lui	/wiki/Lauititi_Lui	['1900', '1950']
Sanele Mao	/wiki/Sanele_Mao	['1900', '1950']
Uati Maposua	/wiki/Uati_Maposua	['1900', '1950']
Ofisa Ofisa	/wiki/Ofisa_Ofisa	['1900', '1950']
Ele Opeloge	/wiki/Ele_Opeloge	['1900', '1950']
Mary Opeloge	/wiki/Mary_Opeloge	['1900', '1950']
Niusila Opeloge	/wiki/Niusila_Opeloge	['1900', '1950']
Petunu Opeloge	/wiki/Petunu_Opeloge	['1900', '1950']
Tovia Opeloge	/wiki/Tovia_Opeloge	['1900', '1950']
Toafitu Perive	/wiki/Toafitu_Perive	['1900', '1950']
Alesana Sione	/wiki/Alesana_Sione	['1900', '1950']
Iuniarra Sipaia	/wiki/Iuniarra_Sipaia	['1900', '1950']
Feagaiga Stowers	/wiki/Feagaiga_Stowers	['1900', '1950']
Tauama Timoti	/wiki/Tauama_Timoti	['1900', '1950']
Silulu A'etonu	/wiki/Silulu_A%27etonu	['1900', '1950']
Tumua Anae	/wiki/Tumua_Anae	['1900', '1950']
Rudolph Berking-Williams	/wiki/Rudolph_Berking-Williams	['1900', '1950']
Anne Cairns	/wiki/Anne_Cairns	['1900', '1950']
Talitiga Crawley	/wiki/Talitiga_Crawley	['1900', '1950']
Cheree Crowley	/wiki/Cheree_Crowley	['1900', '1950']
Aaron Edwards	/wiki/Aaron_Edwards	['1900', '1950']
Tony Finau	/wiki/Tony_Finau	['1900', '1950']
Natasha Hansen	/wiki/Natasha_Hansen	['1900', '1950']
Samantha Hill	/wiki/Samantha_Hill_(water_polo)	['1900', '1950']
Joe Kayes	/wiki/Joe_Kayes	['1900', '1950']
Brad Kiltz	/wiki/Brad_Kiltz	['1900', '1950']
Ken Kinnersley	/wiki/Ken_Kinnersley	['1900', '1950']
Chris Kohlhase	/wiki/Chris_Kohlhase	['1900', '1950']
Eddie Kohlhase	/wiki/Eddie_Kohlhase	['1900', '1950']
Sebastian Kohlhase	/wiki/Sebastian_Kohlhase	['1900', '1950']
Anthony Liu	/wiki/Anthony_Liu_(judoka)	['1900', '1950']
Greg Louganis	/wiki/Greg_Louganis	['1900', '1950']
Robert Lowrance	/wiki/Robert_Lowrance	['1900', '1950']
Ata Matatumua	/wiki/Ata_Matatumua	['1900', '1950']
Joseph Muaausa	/wiki/Joseph_Muaausa	['1900', '1950']
Faauuga Muagututia	/wiki/Faauuga_Muagututia	['1900', '1950']
Bianca Netzler	/wiki/Bianca_Netzler_(cyclist)	['1900', '1950']
Louis Purcell	/wiki/Louis_Purcell	['1900', '1950']
Rodney Reid	/wiki/Rodney_Reid	['1900', '1950']
Keilani Ricketts	/wiki/Keilani_Ricketts	['1900', '1950']
Aleni Smith	/wiki/Aleni_Smith	['1900', '1950']
Derek Sua	/wiki/Derek_Sua	['1900', '1950']
Murphy Su'a	/wiki/Murphy_Su%27a	['1900', '1950']
Fua Logo Tavui	/wiki/Fua_Logo_Tavui	['1900', '1950']
Ross Taylor	/wiki/Ross_Taylor	['1900', '1950']
Kaino Thomsen	/wiki/Kaino_Thomsen	['1900', '1950']
Nathaniel Tuamoheloa	/wiki/Nathaniel_Tuamoheloa	['1900', '1950']
Maureen Tuimalealiifano	/wiki/Maureen_Tuimalealiifano	['1900', '1950']
Kuresa Tupua	/wiki/Kuresa_Tupua	['1900', '1950']
Benjamin Waterhouse	/wiki/Benjamin_Waterhouse_(judoka)	['1900', '1950']
Travolta Waterhouse	/wiki/Travolta_Waterhouse	['1900', '1950']
